stock_code,sector
000001,银行
000002,房地产
000004,科技
000006,房地产
000007,房地产
000008,军工
000009,券商
000010,建筑
000011,房地产
000012,建材
000014,房地产
000016,科技
000017,消费
000019,消费
000020,科技
000021,科技
000025,消费
000026,消费
000027,电力
000028,消费
000029,房地产
000030,汽车
000031,房地产
000034,消费
000035,环保
000036,房地产
000037,电力
000039,建材
000042,房地产
000045,科技
000048,农业
000049,新能源
000050,科技
000055,建材
000056,消费
000058,消费
000059,煤炭
000060,有色
000061,消费
000062,消费
000063,科技
000065,消费
000066,科技
000068,消费
000069,房地产
000070,科技
000078,消费
000088,交通
000089,交通
000090,建筑
000096,消费
000099,交通
000100,科技
000151,消费
000153,医药
000155,电力
000156,科技
000157,科技
000158,科技
000159,消费
000166,券商
000301,化工
000333,新能源
000338,汽车
000400,新能源
000401,建材
000402,房地产
000403,医药
000404,科技
000407,电力
000408,化工
000409,科技
000410,科技
000411,消费
000415,交通
000417,消费
000419,消费
000420,化工
000421,电力
000422,化工
000423,医药
000425,科技
000426,有色
000428,消费
000429,交通
000430,环保
000488,消费
000498,建筑
000501,消费
000503,传媒
000505,消费
000506,有色
000507,交通
000509,科技
000510,化工
000513,医药
000514,房地产
000517,房地产
000518,医药
000519,科技
000520,交通
000521,新能源
000523,消费
000524,消费
000525,化工
000528,科技
000529,消费
000530,科技
000531,电力
000533,新能源
000534,医药
000536,科技
000537,电力
000538,医药
000539,电力
000541,新能源
000543,电力
000544,电力
000545,化工
000546,环保
000547,科技
000548,交通
000550,汽车
000551,科技
000552,煤炭
000553,化工
000554,消费
000555,科技
000557,交通
000558,环保
000559,汽车
000560,房地产
000561,科技
000563,券商
000564,消费
000565,化工
000566,医药
000567,券商
000568,白酒
000570,科技
000571,煤炭
000572,汽车
000573,环保
000576,科技
000581,汽车
000582,交通
000586,新能源
000589,化工
000590,医药
000591,电力
000592,建材
000593,电力
000595,科技
000596,白酒
000597,医药
000598,电力
000599,化工
000600,电力
000601,电力
000603,有色
000605,电力
000607,消费
000608,房地产
000610,消费
000612,有色
000617,银行
000619,化工
000620,房地产
000623,医药
000625,汽车
000626,消费
000629,有色
000630,有色
000631,房地产
000632,消费
000633,有色
000635,化工
000636,科技
000637,化工
000639,消费
000650,医药
000651,新能源
000652,消费
000655,钢铁
000656,房地产
000657,建材
000659,化工
000661,医药
000663,农业
000665,科技
000668,房地产
000669,电力
000670,消费
000672,建材
000676,消费
000677,消费
000678,汽车
000679,消费
000680,科技
000681,传媒
000682,科技
000683,化工
000685,电力
000686,券商
000688,有色
000690,电力
000691,化工
000692,电力
000695,建材
000697,军工
000698,化工
000700,汽车
000701,消费
000702,消费
000703,化工
000705,消费
000707,化工
000708,钢铁
000709,钢铁
000710,科技
000711,环保
000712,券商
000715,消费
000716,消费
000717,钢铁
000718,房地产
000719,传媒
000720,新能源
000721,消费
000722,电力
000723,煤炭
000725,科技
000726,消费
000727,科技
000728,券商
000729,白酒
000731,化工
000733,科技
000735,农业
000736,房地产
000737,有色
000738,军工
000739,医药
000750,券商
000751,有色
000752,白酒
000753,消费
000755,交通
000756,医药
000757,消费
000758,有色
000759,消费
000761,钢铁
000762,有色
000766,医药
000767,电力
000768,军工
000776,券商
000777,科技
000778,建材
000779,科技
000782,化工
000783,券商
000785,消费
000786,建材
000788,医药
000789,建材
000790,医药
000791,电力
000792,化工
000793,传媒
000795,建材
000796,消费
000797,房地产
000798,农业
000799,白酒
000800,汽车
000801,科技
000802,传媒
000803,环保
000807,有色
000809,新能源
000810,科技
000811,科技
000812,传媒
000813,医药
000815,消费
000816,科技
000818,化工
000819,煤炭
000820,科技
000821,科技
000822,化工
000823,科技
000825,钢铁
000826,环保
000828,交通
000829,消费
000830,化工
000831,有色
000837,科技
000838,房地产
000839,科技
000848,白酒
000850,消费
000852,科技
000856,科技
000858,白酒
000859,化工
000860,白酒
000862,电力
000863,房地产
000868,汽车
000869,白酒
000875,电力
000876,消费
000877,建材
000878,有色
000880,科技
000881,化工
000882,消费
000883,电力
000885,环保
000886,交通
000887,化工
000888,环保
000889,科技
000890,建材
000892,传媒
000893,化工
000895,消费
000897,房地产
000898,钢铁
000899,电力
000900,交通
000901,汽车
000902,化工
000903,科技
000905,消费
000906,消费
000908,医药
000909,房地产
000910,建材
000911,消费
000912,化工
000913,军工
000915,医药
000917,科技
000919,医药
000920,化工
000921,新能源
000922,新能源
000923,钢铁
000925,军工
000926,房地产
000927,消费
000928,建筑
000929,白酒
000930,化工
000931,医药
000932,钢铁
000933,有色
000935,建材
000936,化工
000937,煤炭
000938,科技
000948,科技
000949,化工
000950,消费
000951,汽车
000952,医药
000953,医药
000955,消费
000957,汽车
000958,电力
000959,钢铁
000960,有色
000962,有色
000963,消费
000965,房地产
000966,电力
000967,科技
000968,煤炭
000969,建材
000970,科技
000972,消费
000973,化工
000975,有色
000977,科技
000978,环保
000980,汽车
000981,汽车
000983,煤炭
000985,化工
000987,券商
000988,科技
000989,医药
000990,化工
000993,电力
000995,白酒
000997,科技
000999,医药
001201,农业
001202,交通
001203,钢铁
001205,交通
001206,消费
001207,化工
001208,新能源
001209,消费
001210,电力
001211,建材
001212,建材
001213,交通
001215,消费
001216,建材
001217,化工
001218,化工
001219,消费
001220,交通
001221,建材
001222,消费
001223,科技
001225,科技
001226,科技
001227,银行
001228,消费
001229,科技
001230,环保
001231,化工
001233,化工
001234,消费
001236,券商
001237,新能源
001238,消费
001239,建材
001255,化工
001256,科技
001257,有色
001258,电力
001259,新能源
001260,汽车
001266,科技
001267,科技
001268,科技
001269,环保
001270,科技
001278,汽车
001279,传媒
001280,有色
001282,汽车
001283,新能源
001285,科技
001286,电力
001287,消费
001288,科技
001289,电力
001296,建材
001298,消费
001299,电力
001300,消费
001301,建材
001306,科技
001308,科技
001309,科技
001311,汽车
001312,消费
001313,消费
001314,科技
001316,消费
001317,交通
001318,消费
001319,汽车
001322,建材
001323,消费
001324,军工
001325,化工
001326,新能源
001328,化工
001330,传媒
001331,电力
001332,建材
001333,化工
001335,消费
001336,科技
001337,有色
001338,白酒
001339,科技
001356,化工
001358,化工
001359,建材
001360,科技
001365,汽车
001366,消费
001367,医药
001368,化工
001369,化工
001373,科技
001376,电力
001378,化工
001379,科技
001380,科技
001382,新能源
001386,建材
001387,新能源
001388,科技
001389,科技
001390,消费
001391,交通
001393,新能源
001395,科技
001396,科技
001400,科技
001696,科技
001872,交通
001896,电力
001914,房地产
001965,交通
001979,房地产
002001,医药
002003,消费
002004,化工
002005,新能源
002006,科技
002007,医药
002008,科技
002009,科技
002010,消费
002011,科技
002012,消费
002014,化工
002015,电力
002016,房地产
002017,科技
002019,医药
002020,医药
002021,科技
002022,医药
002024,消费
002025,科技
002026,新能源
002027,消费
002028,新能源
002029,消费
002030,医药
002031,科技
002032,新能源
002033,环保
002034,电力
002035,新能源
002036,科技
002037,化工
002038,医药
002039,电力
002040,交通
002042,消费
002043,建材
002045,科技
002046,科技
002047,建筑
002048,汽车
002049,科技
002050,科技
002051,建筑
002052,科技
002053,电力
002054,化工
002055,科技
002056,新能源
002057,化工
002058,科技
002059,环保
002060,建筑
002061,建筑
002062,建筑
002063,科技
002064,化工
002065,科技
002066,建材
002067,消费
002068,化工
002069,农业
002072,消费
002073,科技
002074,新能源
002075,钢铁
002076,新能源
002077,科技
002078,消费
002079,科技
002080,建材
002081,建筑
002082,医药
002083,消费
002084,建材
002085,汽车
002086,农业
002088,建材
002090,新能源
002091,消费
002092,化工
002093,科技
002094,化工
002095,传媒
002096,化工
002097,科技
002098,消费
002099,医药
002100,消费
002101,汽车
002102,医药
002103,消费
002104,科技
002105,军工
002106,科技
002107,医药
002108,化工
002109,化工
002110,钢铁
002111,科技
002112,新能源
002114,有色
002115,消费
002116,建筑
002117,传媒
002119,科技
002120,交通
002121,科技
002122,科技
002123,科技
002124,农业
002125,化工
002126,汽车
002127,消费
002128,煤炭
002129,新能源
002130,科技
002131,消费
002132,建材
002133,房地产
002134,科技
002135,建材
002136,化工
002137,新能源
002138,科技
002139,新能源
002140,建筑
002141,新能源
002142,银行
002144,消费
002145,化工
002146,房地产
002148,科技
002149,有色
002150,新能源
002151,科技
002152,科技
002153,科技
002154,消费
002155,有色
002156,科技
002157,农业
002158,科技
002159,环保
002160,有色
002161,科技
002162,建材
002163,建筑
002164,科技
002165,化工
002166,医药
002167,有色
002168,新能源
002169,新能源
002170,化工
002171,有色
002174,传媒
002175,科技
002176,有色
002177,科技
002178,科技
002179,科技
002180,科技
002181,消费
002182,有色
002183,消费
002184,新能源
002185,科技
002186,消费
002187,消费
002188,房地产
002189,科技
002190,汽车
002191,传媒
002192,有色
002193,消费
002194,科技
002195,传媒
002196,新能源
002197,科技
002198,医药
002199,科技
002200,建筑
002201,建材
002202,科技
002203,有色
002204,科技
002205,建材
002206,化工
002207,煤炭
002208,房地产
002209,科技
002210,消费
002211,化工
002212,科技
002213,科技
002214,科技
002215,化工
002216,消费
002217,科技
002218,新能源
002221,消费
002222,科技
002223,科技
002224,化工
002225,建材
002226,化工
002227,新能源
002228,消费
002229,传媒
002230,科技
002232,科技
002233,建材
002234,农业
002235,消费
002236,科技
002237,有色
002238,科技
002239,汽车
002240,有色
002241,科技
002242,新能源
002243,化工
002244,房地产
002245,新能源
002246,化工
002247,消费
002248,科技
002249,新能源
002250,化工
002251,消费
002252,医药
002253,科技
002254,化工
002255,科技
002256,电力
002258,化工
002259,电力
002261,科技
002262,医药
002263,化工
002264,传媒
002265,汽车
002266,环保
002267,电力
002268,科技
002269,消费
002270,新能源
002271,建材
002272,科技
002273,科技
002274,化工
002275,医药
002276,新能源
002277,消费
002278,科技
002279,科技
002281,科技
002282,建材
002283,汽车
002284,汽车
002285,房地产
002286,消费
002287,医药
002289,科技
002290,新能源
002291,传媒
002292,消费
002293,消费
002294,医药
002295,有色
002296,新能源
002297,建材
002298,新能源
002299,消费
002300,新能源
002301,消费
002302,建材
002303,消费
002304,白酒
002305,房地产
002306,消费
002307,建筑
002309,新能源
002310,电力
002311,消费
002312,化工
002313,科技
002314,房地产
002315,传媒
002316,科技
002317,医药
002318,建材
002319,化工
002320,交通
002321,农业
002322,科技
002323,建筑
002324,化工
002326,化工
002327,消费
002328,汽车
002329,消费
002330,消费
002331,科技
002332,医药
002333,有色
002334,新能源
002335,新能源
002337,科技
002338,科技
002339,新能源
002340,环保
002342,建材
002343,传媒
002344,消费
002345,消费
002346,新能源
002347,科技
002348,消费
002349,医药
002350,新能源
002351,科技
002352,交通
002353,科技
002354,传媒
002355,汽车
002356,消费
002357,交通
002358,新能源
002360,化工
002361,化工
002362,科技
002363,汽车
002364,新能源
002365,医药
002366,科技
002367,科技
002368,科技
002369,科技
002370,医药
002371,科技
002372,化工
002373,科技
002374,建材
002375,建筑
002376,科技
002377,煤炭
002378,有色
002379,有色
002380,科技
002381,化工
002382,化工
002383,科技
002384,科技
002385,消费
002386,化工
002387,科技
002388,科技
002389,军工
002390,消费
002391,化工
002392,建材
002393,医药
002394,消费
002395,化工
002396,科技
002397,消费
002398,化工
002399,医药
002400,消费
002401,科技
002402,科技
002403,建材
002404,消费
002405,科技
002406,汽车
002407,化工
002408,化工
002409,化工
002410,科技
002412,医药
002413,科技
002414,科技
002415,科技
002416,消费
002418,科技
002419,消费
002420,化工
002421,科技
002422,医药
002423,保险
002424,医药
002425,传媒
002426,科技
002427,化工
002428,有色
002429,科技
002430,科技
002431,建筑
002432,科技
002434,汽车
002436,科技
002437,医药
002438,科技
002439,科技
002440,化工
002441,消费
002442,化工
002443,建材
002444,建材
002445,建材
002446,科技
002448,汽车
002449,科技
002451,新能源
002452,新能源
002453,化工
002454,汽车
002455,化工
002456,科技
002457,建材
002458,农业
002459,新能源
002460,有色
002461,白酒
002462,消费
002463,科技
002465,科技
002466,有色
002467,传媒
002468,交通
002469,化工
002470,化工
002471,新能源
002472,汽车
002474,科技
002475,科技
002476,化工
002478,建材
002479,电力
002480,科技
002481,消费
002482,建筑
002483,科技
002484,科技
002485,消费
002486,消费
002487,建材
002488,汽车
002489,消费
002490,科技
002491,新能源
002493,化工
002494,消费
002495,消费
002496,化工
002497,有色
002498,新能源
002500,券商
002501,有色
002506,新能源
002507,消费
002508,新能源
002510,汽车
002511,消费
002512,科技
002513,新能源
002514,建材
002515,消费
002516,消费
002517,传媒
002518,新能源
002519,科技
002520,科技
002521,消费
002522,化工
002523,科技
002526,科技
002527,科技
002528,科技
002529,科技
002530,建材
002531,新能源
002532,有色
002533,新能源
002534,科技
002535,科技
002536,汽车
002537,汽车
002538,化工
002539,化工
002540,有色
002541,建材
002542,建筑
002543,新能源
002544,科技
002545,化工
002546,科技
002547,建材
002548,消费
002549,环保
002550,医药
002551,科技
002552,科技
002553,汽车
002554,煤炭
002555,传媒
002556,消费
002557,消费
002558,传媒
002559,科技
002560,新能源
002561,消费
002562,医药
002563,消费
002564,科技
002565,消费
002566,医药
002567,消费
002568,白酒
002569,消费
002570,消费
002571,建材
002572,消费
002573,环保
002574,消费
002575,消费
002576,新能源
002577,科技
002578,有色
002579,科技
002580,新能源
002581,医药
002582,消费
002583,科技
002584,化工
002585,化工
002586,建筑
002587,科技
002588,化工
002589,消费
002590,汽车
002591,化工
002592,汽车
002593,汽车
002594,汽车
002595,科技
002596,建材
002597,消费
002598,科技
002599,传媒
002600,科技
002601,化工
002602,传媒
002603,医药
002605,传媒
002606,新能源
002608,电力
002609,科技
002611,科技
002612,消费
002613,科技
002614,新能源
002615,建材
002616,环保
002617,新能源
002620,建筑
002623,建材
002624,传媒
002625,军工
002626,消费
002627,环保
002628,建筑
002629,煤炭
002630,科技
002631,建材
002632,化工
002633,科技
002634,消费
002635,科技
002636,科技
002637,化工
002638,新能源
002639,科技
002640,消费
002641,化工
002642,科技
002643,化工
002644,医药
002645,环保
002646,白酒
002647,券商
002648,化工
002649,科技
002650,消费
002651,科技
002652,建材
002653,医药
002654,消费
002655,科技
002656,消费
002657,科技
002658,科技
002660,科技
002661,消费
002662,汽车
002663,建筑
002664,汽车
002666,化工
002667,有色
002668,新能源
002669,化工
002670,券商
002671,建材
002672,环保
002673,券商
002674,消费
002675,医药
002676,化工
002677,新能源
002678,消费
002679,农业
002681,科技
002682,交通
002683,煤炭
002685,科技
002686,科技
002687,消费
002688,医药
002689,科技
002690,科技
002691,科技
002692,新能源
002693,医药
002694,化工
002695,消费
002696,消费
002697,消费
002698,科技
002700,电力
002701,建材
002702,消费
002703,汽车
002705,新能源
002706,新能源
002707,消费
002708,汽车
002709,科技
002712,消费
002713,建筑
002714,农业
002715,汽车
002716,有色
002717,环保
002718,消费
002719,消费
002721,消费
002722,建材
002723,新能源
002724,新能源
002725,汽车
002726,消费
002727,消费
002728,医药
002729,科技
002730,科技
002731,消费
002732,消费
002733,新能源
002734,化工
002735,化工
002736,券商
002737,医药
002738,有色
002739,传媒
002741,科技
002742,建材
002743,建材
002745,新能源
002746,消费
002747,科技
002748,化工
002749,化工
002752,建材
002753,化工
002755,医药
002756,有色
002757,科技
002758,消费
002759,化工
002760,建材
002761,建筑
002762,消费
002763,消费
002765,汽车
002766,科技
002767,科技
002768,化工
002769,消费
002771,科技
002772,农业
002773,医药
002774,科技
002775,建筑
002777,科技
002778,煤炭
002779,科技
002780,消费
002782,科技
002783,化工
002785,建材
002786,科技
002787,建材
002788,消费
002789,建筑
002790,化工
002791,建材
002792,科技
002793,医药
002795,科技
002796,科技
002797,券商
002798,建材
002799,消费
002800,交通
002801,新能源
002802,化工
002803,消费
002805,科技
002806,科技
002807,银行
002808,科技
002809,化工
002810,化工
002811,科技
002812,化工
002813,科技
002815,科技
002816,科技
002817,医药
002818,消费
002819,消费
002820,消费
002821,医药
002822,建筑
002823,新能源
002824,汽车
002825,化工
002826,医药
002827,化工
002828,煤炭
002829,军工
002830,建筑
002831,消费
002832,消费
002833,科技
002835,科技
002836,传媒
002837,科技
002838,化工
002839,银行
002840,消费
002841,科技
002842,有色
002843,科技
002845,科技
002846,建材
002847,消费
002848,科技
002849,科技
002850,建材
002851,新能源
002852,消费
002853,消费
002855,科技
002856,建筑
002857,科技
002859,科技
002860,新能源
002861,科技
002862,消费
002863,汽车
002864,医药
002865,新能源
002866,科技
002867,消费
002868,医药
002869,科技
002870,汽车
002871,科技
002872,医药
002873,医药
002875,消费
002876,科技
002877,科技
002878,消费
002879,新能源
002880,医药
002881,科技
002882,新能源
002883,科技
002884,科技
002885,科技
002886,化工
002887,环保
002888,科技
002889,消费
002890,科技
002891,消费
002892,新能源
002893,电力
002895,化工
002896,科技
002897,新能源
002898,医药
002899,消费
002900,医药
002901,科技
002902,科技
002903,科技
002905,传媒
002906,科技
002907,医药
002908,科技
002909,化工
002910,消费
002911,电力
002912,科技
002913,科技
002915,化工
002916,科技
002917,化工
002918,建材
002919,传媒
002920,科技
002921,科技
002922,新能源
002923,医药
002925,科技
002926,券商
002927,新能源
002928,交通
002929,科技
002931,科技
002932,医药
002933,军工
002935,科技
002936,银行
002937,科技
002938,科技
002939,券商
002940,医药
002941,建筑
002942,化工
002943,科技
002945,券商
002946,消费
002947,科技
002948,银行
002949,科技
002950,医药
002951,传媒
002952,科技
002953,新能源
002955,科技
002956,消费
002957,科技
002958,银行
002959,新能源
002960,科技
002961,券商
002962,科技
002963,建筑
002965,汽车
002966,银行
002967,科技
002968,房地产
002969,建材
002970,科技
002971,化工
002972,科技
002973,环保
002975,科技
002976,建材
002977,科技
002978,有色
002979,科技
002980,科技
002981,科技
002982,农业
002983,科技
002984,化工
002985,军工
002986,化工
002987,科技
002988,有色
002989,建筑
002990,科技
002991,消费
002992,科技
002993,科技
002995,消费
002996,环保
002997,科技
002998,化工
002999,消费
003000,消费
003001,建筑
003002,化工
003003,传媒
003004,科技
003005,科技
003006,消费
003007,科技
003008,科技
003009,军工
003010,传媒
003011,化工
003012,建材
003013,科技
003015,科技
003016,消费
003017,化工
003018,化工
003019,科技
003020,医药
003021,新能源
003022,化工
003023,新能源
003025,科技
003026,科技
003027,环保
003028,科技
003029,科技
003030,消费
003031,科技
003033,军工
003036,科技
003037,建材
003038,有色
003039,电力
003040,科技
003041,消费
003042,化工
003043,建材
003816,电力
300001,新能源
300002,传媒
300003,科技
300004,科技
300005,消费
300006,医药
300007,科技
300008,军工
300009,医药
300010,科技
300011,军工
300012,科技
300014,新能源
300016,医药
300017,科技
300018,新能源
300019,化工
300020,科技
300021,电力
300022,消费
300024,科技
300025,科技
300026,医药
300027,传媒
300029,建筑
300030,科技
300031,传媒
300032,新能源
300033,券商
300034,有色
300035,科技
300036,科技
300037,科技
300039,医药
300040,电力
300041,化工
300042,科技
300043,传媒
300044,科技
300045,科技
300046,科技
300047,科技
300048,新能源
300049,科技
300050,科技
300051,科技
300052,传媒
300053,科技
300054,科技
300055,化工
300056,科技
300057,有色
300058,消费
300059,券商
300061,消费
300062,新能源
300063,消费
300065,科技
300066,科技
300067,化工
300068,新能源
300069,新能源
300070,环保
300071,消费
300072,化工
300073,科技
300074,科技
300075,科技
300076,科技
300077,科技
300078,科技
300079,科技
300080,新能源
300081,科技
300082,化工
300083,科技
300084,煤炭
300085,科技
300086,医药
300088,科技
300091,科技
300092,科技
300093,新能源
300094,消费
300095,科技
300096,科技
300097,科技
300098,科技
300099,科技
300100,汽车
300101,科技
300102,科技
300103,环保
300105,新能源
300106,消费
300107,化工
300109,化工
300110,医药
300111,医药
300112,科技
300113,传媒
300115,科技
300118,新能源
300119,医药
300120,科技
300121,化工
300122,医药
300123,科技
300124,新能源
300125,新能源
300126,科技
300127,科技
300128,科技
300129,新能源
300130,科技
300131,消费
300132,化工
300133,传媒
300134,科技
300135,煤炭
300136,科技
300137,科技
300138,消费
300139,有色
300140,环保
300141,新能源
300142,医药
300144,传媒
300145,科技
300146,消费
300147,医药
300148,传媒
300150,科技
300151,科技
300152,科技
300153,新能源
300154,科技
300155,科技
300157,科技
300158,医药
300159,科技
300160,建材
300161,科技
300162,科技
300163,消费
300164,煤炭
300165,科技
300166,科技
300167,科技
300168,科技
300169,化工
300170,科技
300171,科技
300172,电力
300173,科技
300174,化工
300175,消费
300176,汽车
300177,科技
300179,建材
300180,化工
300181,医药
300182,传媒
300183,科技
300184,消费
300185,建材
300187,环保
300188,科技
300190,环保
300191,煤炭
300193,科技
300194,医药
300195,科技
300196,建材
300197,环保
300198,化工
300199,医药
300200,化工
300201,科技
300203,科技
300204,医药
300205,科技
300206,科技
300207,新能源
300209,消费
300210,科技
300211,科技
300212,科技
300213,科技
300214,化工
300215,科技
300217,科技
300218,化工
300219,科技
300220,科技
300221,化工
300222,科技
300223,科技
300224,建材
300225,化工
300226,消费
300227,科技
300228,科技
300229,科技
300230,化工
300231,科技
300232,科技
300233,医药
300234,建材
300235,科技
300236,科技
300237,汽车
300238,科技
300239,医药
300240,交通
300241,科技
300242,消费
300243,化工
300245,科技
300246,科技
300247,新能源
300248,科技
300249,科技
300250,科技
300251,传媒
300252,新能源
300253,科技
300254,医药
300255,医药
300256,科技
300257,科技
300258,汽车
300259,科技
300260,科技
300261,化工
300263,科技
300264,科技
300265,新能源
300266,环保
300267,医药
300268,消费
300269,科技
300270,科技
300271,科技
300272,新能源
300274,新能源
300275,科技
300276,科技
300277,科技
300278,科技
300279,科技
300281,科技
300283,新能源
300284,科技
300285,化工
300286,科技
300287,科技
300288,科技
300289,医药
300290,科技
300291,传媒
300292,科技
300293,科技
300294,医药
300295,传媒
300296,科技
300298,科技
300299,传媒
300300,科技
300301,科技
300302,科技
300303,科技
300304,汽车
300305,化工
300306,科技
300307,科技
300308,科技
300310,科技
300311,科技
300313,农业
300314,科技
300315,传媒
300316,科技
300317,新能源
300318,科技
300319,科技
300320,化工
300321,化工
300322,科技
300323,科技
300324,科技
300326,科技
300327,科技
300328,建材
300329,消费
300331,科技
300332,电力
300333,科技
300334,科技
300335,电力
300337,有色
300339,科技
300340,科技
300341,科技
300342,科技
300343,化工
300345,新能源
300346,科技
300348,科技
300349,科技
300350,交通
300351,科技
300352,科技
300353,科技
300354,科技
300355,环保
300357,医药
300358,科技
300360,科技
300363,医药
300364,传媒
300365,科技
300366,科技
300368,科技
300369,科技
300370,科技
300371,科技
300373,科技
300374,建材
300375,化工
300376,新能源
300377,科技
300378,科技
300380,科技
300381,医药
300382,科技
300383,科技
300384,科技
300385,科技
300386,科技
300387,化工
300388,环保
300389,科技
300390,科技
300393,新能源
300394,科技
300395,建材
300396,科技
300397,科技
300398,化工
300399,科技
300400,科技
300401,医药
300402,科技
300403,新能源
300405,化工
300406,医药
300407,军工
300408,科技
300409,科技
300410,科技
300411,科技
300412,科技
300413,传媒
300414,科技
300415,科技
300416,科技
300417,科技
300418,传媒
300419,科技
300420,科技
300421,科技
300422,环保
300423,新能源
300425,科技
300426,传媒
300427,新能源
300428,有色
300429,化工
300430,科技
300432,汽车
300433,科技
300434,医药
300435,电力
300436,医药
300437,化工
300438,新能源
300439,医药
300440,科技
300441,科技
300442,科技
300443,科技
300444,新能源
300445,科技
300446,化工
300447,新能源
300448,科技
300449,科技
300450,科技
300451,科技
300452,医药
300453,科技
300454,科技
300455,科技
300456,科技
300457,科技
300458,科技
300459,传媒
300460,科技
300461,科技
300462,科技
300463,医药
300464,消费
300465,科技
300466,科技
300467,传媒
300468,科技
300469,科技
300470,科技
300471,科技
300472,科技
300473,汽车
300474,科技
300475,消费
300476,科技
300477,新能源
300478,化工
300479,科技
300480,科技
300481,化工
300482,医药
300483,煤炭
300484,新能源
300485,医药
300486,科技
300487,化工
300488,建材
300489,科技
300490,新能源
300491,新能源
300493,消费
300494,传媒
300496,科技
300497,医药
300498,农业
300499,新能源
300500,科技
300501,医药
300502,科技
300503,科技
300504,科技
300505,化工
300506,建筑
300507,汽车
300508,科技
300509,科技
300510,新能源
300511,农业
300512,科技
300513,科技
300514,科技
300515,科技
300516,科技
300517,建筑
300518,传媒
300519,医药
300520,科技
300521,科技
300522,化工
300523,科技
300525,科技
300527,科技
300528,传媒
300529,科技
300530,新能源
300531,科技
300532,科技
300533,传媒
300534,医药
300535,化工
300536,建筑
300537,化工
300538,消费
300539,化工
300540,科技
300541,科技
300542,科技
300543,科技
300545,科技
300546,科技
300547,化工
300548,科技
300549,科技
300550,科技
300551,科技
300552,科技
300553,科技
300554,建材
300555,科技
300556,科技
300557,科技
300558,医药
300559,科技
300560,科技
300561,科技
300562,科技
300563,科技
300564,科技
300565,科技
300566,科技
300567,科技
300568,化工
300569,新能源
300570,科技
300571,科技
300572,科技
300573,医药
300575,化工
300576,科技
300577,消费
300578,科技
300579,科技
300580,汽车
300581,科技
300582,科技
300583,医药
300584,医药
300585,汽车
300586,化工
300587,化工
300588,科技
300589,军工
300590,科技
300591,消费
300592,消费
300593,新能源
300594,军工
300595,科技
300596,化工
300597,科技
300598,科技
300599,化工
300600,军工
300601,医药
300602,科技
300603,科技
300604,科技
300605,科技
300606,建材
300607,科技
300608,科技
300609,科技
300610,化工
300611,汽车
300612,消费
300613,科技
300614,环保
300615,科技
300616,消费
300617,新能源
300618,有色
300619,科技
300620,科技
300621,建筑
300622,消费
300623,科技
300624,科技
300625,新能源
300626,新能源
300627,科技
300628,科技
300629,科技
300631,科技
300632,新能源
300633,科技
300634,科技
300635,科技
300636,医药
300637,化工
300638,科技
300639,医药
300640,消费
300641,化工
300642,医药
300643,汽车
300644,化工
300645,科技
300647,科技
300648,科技
300649,科技
300650,消费
300651,消费
300652,汽车
300653,科技
300654,传媒
300655,化工
300656,科技
300657,科技
300658,消费
300659,科技
300660,新能源
300661,科技
300662,消费
300663,科技
300664,环保
300665,化工
300666,科技
300667,科技
300668,消费
300669,科技
300670,新能源
300671,科技
300672,科技
300673,消费
300674,科技
300675,科技
300676,科技
300677,化工
300678,科技
300679,科技
300680,汽车
300681,汽车
300682,科技
300683,医药
300684,科技
300685,医药
300686,科技
300687,科技
300688,消费
300689,科技
300690,建材
300691,科技
300692,环保
300693,新能源
300694,汽车
300695,汽车
300696,军工
300697,有色
300698,科技
300699,化工
300700,建材
300701,科技
300702,医药
300703,消费
300705,医药
300706,科技
300707,科技
300708,科技
300709,科技
300710,科技
300711,科技
300712,建筑
300713,新能源
300715,建材
300716,化工
300717,化工
300718,科技
300719,军工
300720,科技
300721,化工
300722,消费
300723,医药
300724,科技
300726,科技
300727,化工
300729,消费
300730,科技
300731,化工
300732,科技
300733,汽车
300735,科技
300737,建材
300738,科技
300739,科技
300740,化工
300741,化工
300743,科技
300745,汽车
300746,科技
300747,科技
300748,建材
300749,消费
300750,新能源
300751,科技
300752,科技
300753,科技
300755,消费
300756,消费
300757,科技
300758,化工
300760,科技
300761,农业
300762,科技
300763,新能源
300765,消费
300766,传媒
300767,化工
300768,科技
300769,科技
300770,科技
300771,科技
300772,科技
300773,科技
300774,环保
300775,军工
300776,科技
300777,化工
300778,科技
300779,环保
300780,科技
300781,消费
300782,科技
300783,消费
300784,化工
300785,传媒
300786,科技
300787,科技
300788,传媒
300789,科技
300790,科技
300791,消费
300792,传媒
300793,科技
300795,消费
300796,化工
300797,科技
300798,化工
300800,科技
300801,化工
300802,科技
300803,券商
300804,化工
300805,消费
300806,化工
300807,科技
300808,新能源
300809,科技
300810,科技
300811,科技
300812,科技
300813,科技
300814,科技
300815,环保
300816,环保
300817,科技
300818,科技
300819,消费
300820,新能源
300821,化工
300822,科技
300823,科技
300824,新能源
300825,科技
300826,科技
300827,新能源
300828,科技
300829,消费
300830,科技
300831,科技
300832,医药
300833,新能源
300834,化工
300835,科技
300836,科技
300837,科技
300838,科技
300839,煤炭
300840,消费
300841,医药
300842,科技
300843,科技
300844,科技
300845,科技
300846,科技
300847,科技
300848,化工
300849,化工
300850,科技
300851,科技
300852,科技
300853,科技
300854,环保
300855,有色
300856,化工
300857,科技
300858,消费
300859,环保
300860,传媒
300861,建材
300862,科技
300863,汽车
300864,消费
300865,科技
300866,科技
300867,环保
300868,化工
300869,科技
300870,科技
300871,医药
300872,科技
300873,交通
300875,科技
300876,化工
300877,消费
300878,医药
300879,科技
300880,科技
300881,建材
300882,科技
300883,消费
300884,科技
300885,建材
300886,化工
300887,科技
300888,消费
300889,新能源
300890,建材
300891,化工
300892,消费
300893,汽车
300894,新能源
300895,科技
300896,科技
300897,科技
300898,消费
300899,环保
300900,军工
300901,科技
300902,科技
300903,科技
300904,科技
300905,化工
300906,军工
300907,新能源
300908,消费
300909,科技
300910,化工
300911,新能源
300912,环保
300913,新能源
300915,消费
300916,科技
300917,房地产
300918,消费
300919,科技
300920,化工
300921,传媒
300922,消费
300923,军工
300925,科技
300926,汽车
300927,化工
300928,科技
300929,环保
300930,环保
300931,科技
300932,新能源
300933,新能源
300935,科技
300936,科技
300937,消费
300938,科技
300939,科技
300940,科技
300941,科技
300942,医药
300943,科技
300945,消费
300946,建材
300947,消费
300948,环保
300949,科技
300950,科技
300951,科技
300952,消费
300953,建材
300955,化工
300956,科技
300957,化工
300958,环保
300959,科技
300960,军工
300961,环保
300962,消费
300963,有色
300964,科技
300965,科技
300966,医药
300967,农业
300968,科技
300969,汽车
300970,农业
300971,科技
300972,消费
300973,消费
300975,消费
300976,科技
300977,科技
300978,汽车
300979,消费
300980,化工
300981,化工
300982,建筑
300983,科技
300984,科技
300985,建材
300986,建材
300987,传媒
300988,建材
300989,科技
300990,科技
300991,科技
300992,科技
300993,消费
300994,军工
300995,化工
300996,科技
300997,白酒
300998,科技
300999,消费
301000,化工
301001,消费
301002,科技
301003,化工
301004,建材
301005,汽车
301006,科技
301007,汽车
301008,新能源
301009,消费
301010,建材
301011,消费
301012,新能源
301013,科技
301015,消费
301016,军工
301017,消费
301018,科技
301019,化工
301020,科技
301021,科技
301022,科技
301023,科技
301024,科技
301025,传媒
301026,环保
301027,科技
301028,科技
301029,科技
301030,科技
301031,新能源
301032,科技
301033,科技
301035,化工
301036,化工
301037,化工
301038,科技
301039,汽车
301040,建材
301041,科技
301042,科技
301043,科技
301045,科技
301046,建筑
301048,军工
301049,环保
301050,科技
301051,科技
301052,传媒
301053,科技
301055,建材
301056,科技
301057,化工
301058,科技
301059,化工
301060,消费
301061,消费
301062,消费
301063,建材
301065,化工
301066,消费
301067,科技
301068,环保
301069,化工
301070,科技
301071,建材
301072,汽车
301073,消费
301075,医药
301076,化工
301077,化工
301078,消费
301079,科技
301081,科技
301082,新能源
301083,科技
301085,科技
301086,科技
301087,科技
301088,消费
301089,医药
301090,化工
301091,科技
301092,化工
301093,医药
301095,科技
301097,科技
301098,建筑
301099,消费
301100,化工
301101,科技
301102,消费
301105,科技
301106,科技
301107,科技
301108,化工
301109,环保
301110,传媒
301111,医药
301112,科技
301113,消费
301115,科技
301116,消费
301117,科技
301118,化工
301119,汽车
301120,新能源
301121,新能源
301122,科技
301123,科技
301125,科技
301126,消费
301127,电力
301128,科技
301129,科技
301130,医药
301131,化工
301132,科技
301133,汽车
301135,科技
301136,科技
301137,建材
301138,科技
301139,科技
301141,科技
301148,环保
301149,化工
301150,科技
301151,科技
301152,科技
301153,科技
301155,新能源
301156,消费
301157,科技
301158,科技
301159,科技
301160,建材
301161,化工
301162,科技
301163,建材
301165,科技
301166,消费
301167,科技
301168,新能源
301169,消费
301170,汽车
301171,传媒
301172,科技
301173,汽车
301175,环保
301176,科技
301177,消费
301178,科技
301179,科技
301180,科技
301181,汽车
301182,科技
301183,科技
301185,科技
301186,科技
301187,新能源
301188,建材
301189,科技
301190,化工
301191,科技
301192,汽车
301193,化工
301195,科技
301196,化工
301197,科技
301198,化工
301199,科技
301200,科技
301201,医药
301202,建材
301203,环保
301205,科技
301206,消费
301207,医药
301208,科技
301209,化工
301210,新能源
301211,医药
301212,化工
301213,科技
301215,科技
301216,化工
301217,科技
301218,科技
301219,有色
301220,化工
301221,科技
301222,新能源
301223,传媒
301225,汽车
301226,新能源
301227,建材
301228,科技
301229,汽车
301231,传媒
301232,科技
301233,化工
301234,科技
301236,科技
301237,化工
301238,化工
301246,医药
301248,科技
301251,科技
301252,科技
301255,科技
301256,化工
301258,医药
301259,环保
301260,科技
301261,科技
301262,科技
301263,消费
301265,环保
301266,新能源
301268,建材
301269,科技
301270,科技
301272,科技
301273,科技
301275,科技
301276,消费
301277,医药
301278,新能源
301279,科技
301280,科技
301281,医药
301282,科技
301283,化工
301285,科技
301286,化工
301287,消费
301288,科技
301289,科技
301290,科技
301291,新能源
301292,化工
301295,新能源
301296,消费
301297,科技
301298,汽车
301299,传媒
301300,化工
301301,医药
301302,科技
301303,科技
301305,环保
301306,科技
301307,建材
301308,科技
301309,科技
301310,汽车
301311,科技
301312,科技
301313,科技
301314,科技
301315,科技
301316,科技
301317,科技
301318,科技
301319,科技
301320,新能源
301321,科技
301322,军工
301323,化工
301325,科技
301326,科技
301327,新能源
301328,科技
301329,科技
301330,科技
301331,医药
301332,新能源
301335,消费
301336,消费
301337,科技
301338,科技
301339,科技
301345,军工
301348,科技
301349,化工
301353,科技
301355,消费
301356,化工
301357,消费
301358,科技
301359,新能源
301360,科技
301361,新能源
301362,新能源
301363,科技
301365,科技
301366,科技
301367,科技
301368,科技
301369,科技
301370,消费
301371,化工
301372,环保
301373,化工
301376,消费
301377,建材
301378,科技
301379,科技
301380,科技
301381,消费
301382,传媒
301383,科技
301386,新能源
301387,科技
301388,新能源
301389,科技
301390,科技
301391,科技
301392,科技
301393,化工
301395,化工
301396,科技
301397,汽车
301398,建材
301399,科技
301408,消费
301413,科技
301418,新能源
301419,科技
301421,科技
301428,传媒
301429,化工
301439,新能源
301446,科技
301448,科技
301449,科技
301456,科技
301458,科技
301459,化工
301468,科技
301469,消费
301479,科技
301486,科技
301487,化工
301488,科技
301489,科技
301491,科技
301498,消费
301499,汽车
301500,环保
301501,消费
301502,新能源
301503,科技
301505,科技
301507,医药
301508,科技
301509,医药
301510,科技
301511,科技
301512,科技
301513,科技
301515,科技
301516,科技
301517,科技
301518,化工
301519,环保
301522,建材
301525,新能源
301526,建材
301528,科技
301529,汽车
301531,科技
301533,科技
301535,汽车
301536,科技
301538,化工
301539,汽车
301548,科技
301550,汽车
301551,科技
301552,汽车
301555,化工
301556,科技
301557,建材
301558,消费
301559,科技
301560,汽车
301563,消费
301565,化工
301566,科技
301567,科技
301568,科技
301571,科技
301575,建材
301577,科技
301578,科技
301580,科技
301581,汽车
301584,消费
301585,化工
301586,军工
301587,建材
301588,化工
301589,科技
301590,新能源
301591,化工
301592,科技
301595,化工
301596,科技
301598,科技
301599,科技
301600,科技
301601,科技
301602,科技
301603,科技
301606,科技
301607,汽车
301608,科技
301609,新能源
301611,科技
301613,汽车
301616,科技
301617,化工
301618,化工
301622,科技
301626,科技
301628,科技
301629,科技
301630,科技
301631,科技
301632,科技
301633,科技
301636,新能源
301638,科技
301656,汽车
301658,新能源
301662,科技
301665,化工
301666,科技
301667,汽车
301668,新能源
301669,新能源
301678,科技
301680,汽车
301682,科技
301683,化工
301687,科技
301696,新能源
302132,科技
600000,银行
600004,交通
600006,汽车
600007,房地产
600008,电力
600009,交通
600010,钢铁
600011,电力
600012,交通
600015,银行
600016,银行
600017,交通
600018,交通
600019,钢铁
600020,交通
600021,电力
600022,钢铁
600023,电力
600025,电力
600026,交通
600027,电力
600028,煤炭
600029,交通
600030,券商
600031,科技
600032,电力
600033,交通
600035,交通
600036,银行
600037,科技
600038,军工
600039,建筑
600048,房地产
600050,科技
600051,消费
600052,消费
600053,券商
600054,环保
600055,科技
600056,消费
600057,消费
600058,消费
600059,白酒
600060,科技
600061,券商
600062,医药
600063,化工
600064,房地产
600066,汽车
600067,新能源
600071,科技
600072,建筑
600073,消费
600075,化工
600076,建材
600078,化工
600079,医药
600080,医药
600081,汽车
600082,消费
600084,白酒
600085,医药
600088,传媒
600089,新能源
600094,房地产
600095,券商
600096,化工
600097,农业
600098,电力
600099,军工
600100,科技
600101,电力
600103,消费
600104,汽车
600105,新能源
600106,交通
600107,消费
600108,农业
600109,券商
600110,科技
600111,有色
600113,消费
600114,建材
600115,交通
600116,电力
600117,钢铁
600118,科技
600119,交通
600120,券商
600121,煤炭
600123,煤炭
600125,交通
600126,钢铁
600127,消费
600128,消费
600129,医药
600130,科技
600131,科技
600132,白酒
600133,环保
600135,化工
600136,传媒
600137,消费
600138,消费
600141,化工
600143,化工
600148,汽车
600149,电力
600150,军工
600151,新能源
600152,新能源
600153,消费
600155,券商
600156,消费
600157,电力
600160,化工
600161,医药
600162,房地产
600163,电力
600165,化工
600166,汽车
600167,电力
600168,电力
600169,科技
600170,建筑
600171,科技
600172,建材
600173,房地产
600176,建材
600177,消费
600178,汽车
600179,交通
600180,消费
600182,化工
600183,科技
600184,科技
600185,消费
600186,消费
600187,电力
600188,煤炭
600189,白酒
600191,消费
600192,新能源
600193,建筑
600195,医药
600196,医药
600197,白酒
600198,科技
600199,白酒
600201,医药
600202,科技
600203,科技
600206,有色
600207,建材
600208,房地产
600210,化工
600211,医药
600212,新能源
600215,科技
600216,医药
600217,环保
600218,科技
600219,有色
600221,交通
600222,医药
600223,化工
600226,电力
600227,化工
600228,传媒
600229,传媒
600230,化工
600231,钢铁
600232,消费
600233,交通
600234,建筑
600235,消费
600236,电力
600237,科技
600238,白酒
600239,房地产
600241,新能源
600243,科技
600246,房地产
600248,建筑
600249,化工
600250,环保
600251,消费
600252,医药
600255,有色
600256,煤炭
600257,农业
600258,消费
600259,有色
600261,新能源
600262,科技
600265,建材
600266,房地产
600267,医药
600268,新能源
600269,交通
600271,科技
600272,消费
600273,化工
600276,医药
600278,消费
600279,交通
600280,消费
600281,有色
600282,钢铁
600283,电力
600284,建筑
600285,医药
600287,消费
600288,科技
600289,科技
600292,环保
600293,建材
600295,钢铁
600298,消费
600299,消费
600300,白酒
600301,有色
600302,科技
600303,汽车
600305,消费
600307,钢铁
600308,消费
600309,化工
600310,电力
600312,新能源
600313,消费
600315,化工
600316,军工
600318,银行
600319,化工
600320,科技
600322,房地产
600323,环保
600325,房地产
600326,建材
600328,化工
600329,医药
600330,科技
600331,化工
600332,医药
600333,电力
600335,消费
600336,新能源
600337,消费
600338,有色
600339,煤炭
600340,房地产
600343,科技
600345,科技
600346,化工
600348,煤炭
600350,交通
600351,医药
600352,化工
600353,科技
600356,消费
600358,消费
600359,农业
600360,科技
600361,有色
600362,有色
600363,科技
600365,消费
600366,建材
600367,化工
600368,交通
600369,券商
600370,化工
600372,军工
600373,传媒
600375,汽车
600376,房地产
600377,交通
600378,化工
600379,新能源
600380,医药
600381,消费
600382,钢铁
600383,房地产
600386,消费
600388,科技
600389,化工
600390,券商
600391,军工
600392,有色
600395,煤炭
600396,电力
600397,科技
600398,消费
600399,钢铁
600400,消费
600403,煤炭
600405,科技
600406,科技
600408,钢铁
600409,化工
600410,科技
600415,消费
600416,新能源
600418,汽车
600419,消费
600420,医药
600421,科技
600422,医药
600423,化工
600425,建材
600426,化工
600428,交通
600429,消费
600433,消费
600435,科技
600436,医药
600438,新能源
600439,消费
600444,科技
600446,科技
600448,消费
600449,建材
600452,电力
600456,有色
600458,化工
600459,有色
600460,科技
600461,电力
600463,建筑
600467,农业
600468,新能源
600469,化工
600470,化工
600475,环保
600476,科技
600477,建材
600478,新能源
600479,医药
600480,汽车
600481,科技
600482,军工
600483,电力
600486,化工
600487,新能源
600488,医药
600489,有色
600490,有色
600491,建筑
600493,消费
600495,军工
600496,建材
600497,有色
600498,科技
600499,科技
600500,化工
600501,科技
600502,建筑
600503,房地产
600505,电力
600506,煤炭
600507,钢铁
600508,煤炭
600509,电力
600510,房地产
600511,消费
600512,建筑
600513,医药
600515,房地产
600516,建材
600517,券商
600518,医药
600519,白酒
600520,科技
600521,医药
600522,新能源
600523,汽车
600525,新能源
600526,科技
600527,化工
600528,科技
600529,建材
600530,消费
600531,有色
600533,房地产
600535,医药
600536,科技
600537,新能源
600538,消费
600539,消费
600540,农业
600543,白酒
600545,科技
600546,煤炭
600547,有色
600548,交通
600549,有色
600550,新能源
600551,传媒
600552,科技
600556,传媒
600557,医药
600558,建材
600559,白酒
600560,科技
600561,交通
600562,科技
600563,科技
600566,医药
600567,消费
600569,钢铁
600570,科技
600571,科技
600572,医药
600573,白酒
600575,交通
600576,环保
600577,新能源
600578,电力
600579,科技
600580,新能源
600581,钢铁
600582,科技
600583,煤炭
600584,科技
600585,建材
600586,建材
600587,科技
600588,科技
600589,科技
600590,新能源
600592,科技
600593,环保
600594,医药
600595,有色
600596,化工
600597,消费
600598,农业
600599,消费
600600,白酒
600601,科技
600602,科技
600603,交通
600604,房地产
600605,房地产
600606,建筑
600608,消费
600609,汽车
600610,化工
600611,交通
600612,消费
600613,医药
600615,建材
600616,白酒
600617,电力
600618,化工
600619,科技
600621,券商
600622,房地产
600623,化工
600624,医药
600626,消费
600628,消费
600629,科技
600630,消费
600633,传媒
600635,电力
600636,科技
600637,科技
600638,房地产
600639,房地产
600640,传媒
600641,房地产
600642,电力
600643,券商
600644,电力
600645,医药
600648,消费
600649,房地产
600650,交通
600651,新能源
600653,消费
600654,消费
600655,消费
600657,房地产
600658,房地产
600660,建材
600662,消费
600663,房地产
600664,医药
600665,房地产
600666,建材
600667,建筑
600668,建材
600671,医药
600674,电力
600675,房地产
600676,交通
600678,建材
600679,军工
600681,电力
600682,医药
600683,房地产
600684,房地产
600685,军工
600686,汽车
600688,煤炭
600689,消费
600690,新能源
600691,化工
600692,房地产
600693,消费
600694,消费
600696,白酒
600697,消费
600698,汽车
600699,科技
600702,白酒
600703,科技
600704,消费
600706,环保
600707,科技
600708,房地产
600710,消费
600711,有色
600712,消费
600713,消费
600714,化工
600715,传媒
600716,房地产
600717,交通
600718,科技
600719,电力
600720,科技
600722,化工
600724,建材
600725,消费
600726,电力
600727,化工
600728,科技
600729,消费
600731,化工
600732,新能源
600733,汽车
600734,科技
600735,消费
600736,房地产
600737,消费
600738,消费
600739,消费
600740,煤炭
600741,汽车
600742,汽车
600743,房地产
600744,电力
600745,科技
600746,化工
600748,房地产
600749,环保
600750,医药
600751,交通
600753,消费
600754,消费
600755,消费
600756,科技
600757,传媒
600758,煤炭
600759,煤炭
600760,军工
600761,科技
600764,科技
600765,军工
600768,有色
600769,电力
600770,电力
600771,医药
600773,房地产
600774,医药
600775,科技
600776,科技
600777,煤炭
600778,消费
600779,白酒
600780,电力
600782,钢铁
600783,券商
600784,消费
600785,消费
600789,医药
600790,消费
600791,房地产
600792,煤炭
600793,消费
600795,电力
600796,电力
600797,科技
600798,交通
600800,化工
600801,建材
600802,建材
600803,电力
600807,医药
600808,钢铁
600809,白酒
600810,化工
600812,医药
600814,消费
600815,科技
600816,券商
600817,科技
600818,军工
600819,建材
600820,建筑
600821,电力
600822,消费
600824,消费
600825,传媒
600826,消费
600827,消费
600828,消费
600829,消费
600830,券商
600831,科技
600833,消费
600835,科技
600838,消费
600839,科技
600841,科技
600843,科技
600844,化工
600845,科技
600846,建筑
600847,新能源
600848,房地产
600850,科技
600851,医药
600853,建筑
600854,新能源
600855,科技
600857,消费
600858,消费
600859,消费
600860,科技
600861,消费
600862,军工
600863,电力
600864,券商
600865,消费
600866,消费
600867,医药
600868,电力
600869,新能源
600871,煤炭
600872,消费
600873,消费
600874,电力
600875,科技
600876,建材
600877,科技
600879,军工
600880,传媒
600881,建材
600882,消费
600883,消费
600884,科技
600885,新能源
600886,电力
600887,消费
600888,科技
600889,化工
600892,传媒
600893,军工
600894,科技
600895,房地产
600897,交通
600900,电力
600901,银行
600903,电力
600905,电力
600906,券商
600908,银行
600909,券商
600916,消费
600917,电力
600918,券商
600919,银行
600925,煤炭
600926,银行
600927,券商
600928,银行
600929,消费
600930,电力
600933,汽车
600935,化工
600936,科技
600938,煤炭
600941,科技
600955,化工
600956,电力
600958,券商
600959,科技
600960,汽车
600961,有色
600962,白酒
600963,消费
600965,消费
600966,消费
600967,军工
600968,煤炭
600969,电力
600970,建筑
600971,煤炭
600973,新能源
600975,农业
600976,消费
600977,传媒
600979,电力
600980,科技
600981,消费
600982,电力
600983,新能源
600984,交通
600985,煤炭
600986,传媒
600987,消费
600988,有色
600989,化工
600990,科技
600992,建材
600993,医药
600995,电力
600996,科技
600997,煤炭
600998,消费
600999,券商
601000,交通
601001,煤炭
601002,科技
601003,钢铁
601005,钢铁
601006,交通
601007,消费
601008,交通
601009,银行
601010,消费
601011,煤炭
601012,新能源
601015,煤炭
601016,电力
601018,交通
601019,传媒
601020,有色
601021,交通
601022,交通
601026,化工
601033,环保
601038,科技
601058,化工
601059,券商
601061,消费
601065,化工
601066,券商
601068,建筑
601069,有色
601077,银行
601083,交通
601086,消费
601088,煤炭
601089,医药
601096,建材
601098,传媒
601099,券商
601100,科技
601101,煤炭
601106,科技
601107,交通
601108,券商
601111,交通
601112,建材
601113,消费
601116,消费
601117,建筑
601118,农业
601121,钢铁
601126,新能源
601127,汽车
601128,银行
601136,券商
601137,有色
601138,科技
601139,电力
601155,房地产
601156,交通
601158,电力
601162,券商
601163,化工
601166,银行
601168,有色
601169,银行
601177,科技
601179,新能源
601186,建筑
601187,银行
601188,交通
601198,券商
601199,电力
601200,环保
601208,化工
601211,券商
601212,有色
601216,化工
601218,建材
601222,新能源
601225,煤炭
601226,科技
601228,交通
601229,银行
601231,科技
601233,化工
601236,券商
601238,汽车
601279,汽车
601288,银行
601298,交通
601311,新能源
601318,保险
601319,保险
601326,交通
601328,银行
601330,环保
601333,交通
601336,保险
601339,消费
601360,传媒
601366,消费
601368,电力
601369,科技
601375,券商
601377,券商
601388,环保
601390,建筑
601398,银行
601399,科技
601456,券商
601500,化工
601512,房地产
601515,医药
601518,交通
601519,券商
601528,银行
601555,券商
601566,消费
601567,科技
601568,化工
601577,银行
601579,白酒
601588,房地产
601595,传媒
601598,交通
601599,消费
601600,有色
601601,保险
601606,建材
601607,消费
601608,科技
601609,有色
601611,建筑
601615,科技
601616,新能源
601618,建筑
601619,电力
601628,保险
601633,汽车
601636,建材
601658,银行
601665,银行
601666,煤炭
601668,建筑
601669,建筑
601677,有色
601678,化工
601686,建材
601688,券商
601689,汽车
601696,券商
601698,科技
601699,煤炭
601700,建材
601702,有色
601717,科技
601718,消费
601727,科技
601728,科技
601766,军工
601777,汽车
601778,电力
601788,券商
601789,建筑
601798,科技
601799,汽车
601800,建筑
601801,传媒
601808,煤炭
601811,传媒
601816,交通
601818,银行
601825,银行
601827,环保
601828,消费
601838,银行
601857,煤炭
601858,传媒
601860,银行
601865,建材
601866,交通
601868,建筑
601869,科技
601872,交通
601877,新能源
601878,券商
601880,交通
601881,券商
601882,科技
601886,建筑
601888,消费
601890,军工
601898,煤炭
601899,有色
601900,传媒
601901,券商
601908,新能源
601916,银行
601918,煤炭
601919,交通
601921,传媒
601928,传媒
601929,科技
601933,消费
601939,银行
601949,传媒
601952,消费
601956,科技
601958,有色
601963,银行
601965,科技
601966,化工
601968,建材
601969,钢铁
601975,交通
601985,电力
601988,银行
601990,券商
601991,电力
601992,建材
601995,券商
601996,建材
601997,银行
601998,银行
601999,传媒
603000,传媒
603001,消费
603002,科技
603004,化工
603005,科技
603006,汽车
603007,建筑
603008,消费
603009,汽车
603010,化工
603011,科技
603012,科技
603013,汽车
603014,科技
603015,科技
603016,新能源
603017,科技
603018,科技
603019,科技
603020,消费
603021,建材
603022,建材
603023,科技
603025,科技
603026,化工
603027,消费
603028,建材
603029,科技
603030,建筑
603031,新能源
603032,科技
603033,化工
603035,汽车
603036,科技
603037,汽车
603038,消费
603039,科技
603040,汽车
603041,化工
603042,科技
603043,消费
603045,新能源
603048,汽车
603049,化工
603050,新能源
603051,化工
603052,科技
603053,电力
603055,消费
603057,消费
603058,传媒
603059,消费
603060,科技
603061,科技
603062,化工
603063,新能源
603065,化工
603067,化工
603068,科技
603069,交通
603070,新能源
603071,消费
603072,科技
603073,消费
603075,新能源
603076,科技
603077,化工
603078,化工
603079,消费
603080,电力
603081,科技
603082,科技
603083,科技
603085,汽车
603086,化工
603087,医药
603088,科技
603089,汽车
603090,科技
603091,消费
603092,科技
603093,券商
603095,科技
603096,传媒
603097,新能源
603098,建筑
603099,环保
603100,科技
603101,消费
603102,消费
603103,传媒
603105,电力
603106,科技
603107,汽车
603108,消费
603109,新能源
603110,化工
603111,军工
603112,建材
603113,化工
603115,科技
603116,消费
603117,交通
603118,科技
603119,建材
603120,化工
603121,汽车
603122,消费
603123,消费
603124,科技
603125,化工
603126,科技
603128,交通
603129,军工
603130,消费
603131,科技
603132,有色
603135,科技
603136,环保
603137,建筑
603138,科技
603139,医药
603150,新能源
603151,消费
603153,科技
603155,化工
603156,白酒
603158,汽车
603159,化工
603160,科技
603161,汽车
603162,交通
603165,消费
603166,汽车
603167,交通
603168,医药
603169,科技
603170,消费
603171,传媒
603172,化工
603173,科技
603175,科技
603176,建筑
603177,环保
603178,汽车
603179,汽车
603180,消费
603181,化工
603182,消费
603183,科技
603185,新能源
603186,科技
603187,科技
603188,化工
603189,科技
603190,汽车
603191,新能源
603192,化工
603193,化工
603194,科技
603195,新能源
603196,消费
603197,汽车
603198,白酒
603199,环保
603200,环保
603201,科技
603202,汽车
603203,科技
603205,科技
603206,科技
603207,医药
603208,建材
603209,交通
603210,汽车
603211,汽车
603212,化工
603213,化工
603214,消费
603215,新能源
603216,建材
603217,化工
603218,科技
603219,新能源
603220,科技
603221,化工
603222,科技
603223,电力
603225,化工
603226,建材
603227,化工
603228,科技
603229,医药
603230,传媒
603231,消费
603232,科技
603233,消费
603235,消费
603236,科技
603237,消费
603238,消费
603239,汽车
603248,科技
603255,化工
603256,建材
603257,科技
603258,传媒
603260,化工
603261,军工
603262,消费
603266,化工
603267,科技
603268,军工
603269,科技
603270,科技
603271,有色
603272,消费
603273,科技
603275,科技
603276,化工
603277,科技
603278,建材
603279,科技
603280,科技
603281,化工
603282,科技
603283,科技
603284,消费
603285,化工
603286,汽车
603288,消费
603289,科技
603290,科技
603291,电力
603293,科技
603296,科技
603297,科技
603298,科技
603299,化工
603300,交通
603301,医药
603303,新能源
603305,汽车
603306,汽车
603307,消费
603308,科技
603309,科技
603310,化工
603311,科技
603312,新能源
603313,消费
603315,环保
603316,建筑
603317,消费
603318,电力
603319,汽车
603320,科技
603321,科技
603322,科技
603323,银行
603324,科技
603325,科技
603326,消费
603327,科技
603328,科技
603329,消费
603330,化工
603331,科技
603332,化工
603333,新能源
603334,环保
603335,汽车
603336,消费
603337,科技
603338,科技
603339,建材
603341,科技
603344,新能源
603345,消费
603348,汽车
603350,新能源
603351,煤炭
603352,汽车
603353,消费
603355,新能源
603356,科技
603357,科技
603358,汽车
603359,建筑
603360,化工
603363,消费
603365,消费
603366,新能源
603367,医药
603368,消费
603369,白酒
603370,新能源
603373,消费
603375,科技
603376,汽车
603378,化工
603379,化工
603380,科技
603381,新能源
603382,化工
603383,科技
603385,建材
603386,科技
603387,医药
603389,消费
603390,科技
603391,科技
603392,医药
603393,电力
603395,化工
603396,科技
603398,新能源
603399,有色
603400,科技
603402,传媒
603406,化工
603407,化工
603408,化工
603409,汽车
603416,科技
603418,汽车
603421,科技
603429,传媒
603435,科技
603439,医药
603444,传媒
603456,医药
603458,科技
603459,科技
603466,传媒
603477,农业
603486,科技
603488,科技
603489,新能源
603496,科技
603499,传媒
603500,军工
603501,科技
603506,房地产
603507,新能源
603508,军工
603511,消费
603515,新能源
603516,科技
603517,消费
603518,消费
603519,新能源
603520,医药
603527,有色
603528,科技
603529,军工
603530,新能源
603533,传媒
603536,消费
603538,医药
603551,新能源
603556,科技
603557,消费
603558,消费
603559,科技
603565,交通
603566,医药
603567,医药
603568,环保
603569,交通
603577,建材
603578,建材
603579,新能源
603580,化工
603583,新能源
603585,化工
603586,汽车
603587,消费
603588,环保
603589,白酒
603590,医药
603595,科技
603596,汽车
603598,消费
603599,化工
603600,消费
603601,建材
603602,科技
603605,化工
603606,新能源
603607,消费
603608,消费
603609,消费
603610,消费
603611,科技
603612,建材
603613,传媒
603615,化工
603616,建材
603617,科技
603618,新能源
603619,煤炭
603626,建材
603628,新能源
603629,建材
603630,化工
603633,科技
603636,科技
603637,建筑
603638,科技
603639,化工
603648,消费
603650,化工
603655,化工
603656,科技
603657,化工
603658,医药
603659,科技
603660,科技
603661,消费
603662,科技
603663,建材
603665,消费
603666,科技
603667,科技
603668,消费
603669,医药
603676,医药
603677,新能源
603678,科技
603679,新能源
603680,军工
603681,化工
603682,消费
603683,化工
603685,新能源
603686,环保
603687,消费
603688,建材
603689,电力
603690,科技
603693,电力
603696,消费
603697,消费
603698,科技
603699,科技
603700,科技
603701,新能源
603703,新能源
603706,电力
603707,医药
603708,消费
603709,消费
603711,白酒
603712,科技
603713,交通
603716,消费
603717,农业
603718,医药
603719,消费
603721,传媒
603722,化工
603725,建材
603726,化工
603727,煤炭
603728,新能源
603729,消费
603730,汽车
603733,消费
603737,化工
603738,科技
603739,消费
603755,消费
603757,科技
603758,汽车
603759,电力
603766,军工
603767,汽车
603768,汽车
603773,科技
603776,科技
603777,消费
603778,新能源
603779,白酒
603786,汽车
603787,军工
603788,汽车
603789,科技
603790,化工
603797,环保
603798,煤炭
603799,有色
603800,科技
603801,消费
603803,科技
603806,化工
603808,消费
603809,汽车
603810,化工
603811,医药
603813,交通
603815,建筑
603816,消费
603817,电力
603818,消费
603819,新能源
603822,煤炭
603823,化工
603825,消费
603826,化工
603828,建筑
603829,新能源
603833,消费
603836,消费
603838,建材
603839,消费
603843,建筑
603848,建材
603855,科技
603856,化工
603858,医药
603859,科技
603860,科技
603861,新能源
603863,消费
603866,消费
603867,化工
603868,新能源
603869,科技
603871,交通
603876,有色
603877,消费
603878,钢铁
603879,化工
603880,医药
603881,科技
603883,消费
603885,交通
603886,消费
603887,科技
603888,传媒
603889,消费
603890,科技
603893,科技
603895,科技
603896,医药
603897,新能源
603898,消费
603899,消费
603900,消费
603901,科技
603903,环保
603906,科技
603908,消费
603909,建筑
603912,科技
603915,科技
603916,化工
603917,科技
603918,科技
603919,白酒
603920,科技
603922,汽车
603926,汽车
603927,科技
603928,化工
603931,化工
603933,科技
603936,科技
603937,建材
603938,化工
603939,消费
603948,化工
603949,汽车
603950,汽车
603955,建筑
603956,科技
603958,消费
603959,建筑
603960,科技
603966,科技
603967,交通
603968,化工
603969,建材
603970,消费
603976,医药
603977,化工
603978,有色
603979,煤炭
603980,化工
603982,汽车
603983,化工
603985,建材
603986,科技
603987,科技
603988,新能源
603989,科技
603990,科技
603991,化工
603992,化工
603993,有色
603995,钢铁
603997,汽车
603998,医药
603999,传媒
605001,军工
605003,消费
605005,汽车
605006,建材
605007,消费
605008,化工
605009,消费
605011,电力
605016,消费
605018,汽车
605020,化工
605028,电力
605033,化工
605050,交通
605055,消费
605056,消费
605058,科技
605060,科技
605066,新能源
605068,消费
605069,环保
605077,消费
605080,消费
605081,环保
605088,汽车
605089,消费
605090,电力
605099,化工
605100,科技
605108,消费
605111,科技
605116,医药
605117,新能源
605118,科技
605122,建材
605123,建材
605128,汽车
605133,汽车
605136,消费
605138,消费
605151,汽车
605155,消费
605158,建材
605162,电力
605166,化工
605167,建筑
605168,消费
605169,电力
605177,医药
605178,建筑
605179,消费
605180,消费
605183,化工
605186,科技
605188,消费
605189,消费
605196,新能源
605198,白酒
605199,医药
605208,有色
605218,科技
605222,新能源
605228,汽车
605255,化工
605258,科技
605259,科技
605266,消费
605268,建材
605277,新能源
605286,科技
605287,建筑
605288,新能源
605289,建筑
605296,农业
605298,军工
605299,消费
605300,消费
605303,建筑
605305,科技
605318,消费
605319,汽车
605333,汽车
605336,新能源
605337,白酒
605338,消费
605339,消费
605358,科技
605365,新能源
605366,化工
605368,电力
605369,科技
605376,科技
605377,消费
605378,新能源
605388,白酒
605389,科技
605398,科技
605399,化工
605488,化工
605499,白酒
605500,消费
605507,医药
605555,新能源
605566,化工
605567,消费
605577,传媒
605580,电力
605588,科技
605589,化工
605598,建筑
605599,消费
688001,科技
688002,科技
688003,科技
688004,科技
688005,科技
688006,科技
688007,科技
688008,科技
688009,军工
688010,科技
688011,科技
688012,科技
688013,科技
688015,军工
688016,科技
688017,科技
688018,科技
688019,科技
688020,科技
688021,科技
688022,科技
688023,科技
688025,科技
688026,化工
688027,科技
688028,科技
688029,科技
688030,科技
688031,科技
688032,新能源
688033,建材
688035,科技
688036,科技
688037,科技
688038,科技
688039,科技
688041,科技
688045,科技
688047,科技
688048,科技
688049,科技
688050,科技
688051,科技
688052,科技
688053,科技
688055,科技
688056,科技
688057,环保
688058,科技
688059,建材
688060,科技
688061,科技
688062,医药
688063,新能源
688065,化工
688066,科技
688067,医药
688068,医药
688069,环保
688070,军工
688071,科技
688072,科技
688075,医药
688076,医药
688077,建材
688078,科技
688079,科技
688080,科技
688081,科技
688082,科技
688083,科技
688084,科技
688085,科技
688087,环保
688088,科技
688089,消费
688090,科技
688091,医药
688092,科技
688093,科技
688095,科技
688096,科技
688097,科技
688098,医药
688099,科技
688100,科技
688101,科技
688102,有色
688103,科技
688106,化工
688107,科技
688108,科技
688109,科技
688110,科技
688111,科技
688112,科技
688113,科技
688114,科技
688115,科技
688116,化工
688117,医药
688118,科技
688119,建材
688120,科技
688121,科技
688122,有色
688123,科技
688125,科技
688126,科技
688127,科技
688128,科技
688129,化工
688130,科技
688132,科技
688135,科技
688136,医药
688138,科技
688139,科技
688141,科技
688143,科技
688146,科技
688147,科技
688148,科技
688150,科技
688151,医药
688152,科技
688153,科技
688155,科技
688156,环保
688157,化工
688158,传媒
688159,科技
688160,科技
688161,科技
688162,科技
688163,医药
688165,科技
688166,医药
688167,科技
688168,科技
688169,科技
688170,科技
688171,科技
688172,科技
688173,科技
688175,科技
688176,医药
688177,医药
688178,环保
688180,医药
688181,科技
688182,科技
688183,科技
688184,科技
688185,医药
688186,科技
688187,军工
688188,科技
688189,医药
688190,钢铁
688191,科技
688192,医药
688193,医药
688195,科技
688196,环保
688197,医药
688198,科技
688199,化工
688200,科技
688201,科技
688203,化工
688205,科技
688206,科技
688207,科技
688208,科技
688209,科技
688210,科技
688211,科技
688212,科技
688213,科技
688215,科技
688216,科技
688217,医药
688218,科技
688219,化工
688220,科技
688221,医药
688223,新能源
688225,科技
688226,新能源
688227,科技
688228,科技
688229,科技
688230,科技
688231,有色
688232,科技
688233,科技
688234,科技
688235,医药
688236,科技
688237,军工
688239,军工
688244,科技
688246,科技
688247,医药
688248,科技
688249,科技
688251,科技
688252,科技
688253,医药
688255,科技
688256,科技
688257,有色
688258,科技
688259,科技
688260,科技
688261,科技
688262,科技
688266,医药
688267,化工
688268,科技
688269,化工
688270,科技
688271,科技
688272,科技
688273,科技
688275,科技
688276,医药
688277,科技
688278,医药
688279,科技
688280,汽车
688281,消费
688282,科技
688283,科技
688285,军工
688286,科技
688288,科技
688289,医药
688290,科技
688291,科技
688292,科技
688295,化工
688296,科技
688297,军工
688298,医药
688299,化工
688300,科技
688301,科技
688302,医药
688303,新能源
688305,科技
688306,科技
688307,科技
688308,建材
688309,科技
688310,科技
688311,科技
688312,科技
688313,科技
688314,科技
688316,传媒
688317,医药
688318,科技
688319,医药
688320,科技
688321,医药
688322,科技
688323,化工
688325,科技
688326,科技
688327,科技
688328,科技
688329,科技
688330,新能源
688331,医药
688332,科技
688333,科技
688334,科技
688335,科技
688336,医药
688337,科技
688338,医药
688339,新能源
688343,科技
688345,新能源
688347,科技
688348,新能源
688349,新能源
688350,化工
688351,科技
688352,科技
688353,化工
688355,建材
688356,化工
688357,化工
688358,科技
688359,化工
688360,科技
688361,科技
688362,科技
688363,化工
688365,科技
688366,科技
688367,军工
688368,科技
688369,科技
688370,环保
688371,科技
688372,科技
688373,医药
688375,科技
688376,科技
688377,科技
688378,科技
688379,建材
688380,科技
688381,科技
688382,医药
688383,科技
688385,科技
688386,化工
688387,科技
688388,科技
688389,科技
688390,新能源
688391,科技
688392,科技
688393,医药
688395,新能源
688396,科技
688398,建材
688399,医药
688400,科技
688401,科技
688403,科技
688408,新能源
688409,科技
688410,科技
688411,新能源
688416,科技
688418,科技
688419,科技
688420,科技
688425,科技
688426,医药
688428,医药
688429,新能源
688432,科技
688433,科技
688435,科技
688439,科技
688443,医药
688448,科技
688449,科技
688450,科技
688455,科技
688456,建材
688458,科技
688459,军工
688466,环保
688468,医药
688469,科技
688472,新能源
688475,科技
688478,科技
688479,科技
688480,环保
688484,科技
688485,环保
688486,科技
688488,医药
688489,科技
688496,科技
688498,科技
688499,科技
688500,科技
688501,科技
688502,科技
688503,新能源
688505,医药
688506,医药
688507,科技
688508,科技
688509,科技
688510,军工
688511,科技
688512,科技
688513,医药
688515,科技
688516,科技
688517,新能源
688518,科技
688519,科技
688520,医药
688521,科技
688522,科技
688523,军工
688525,科技
688526,医药
688528,科技
688529,科技
688530,科技
688531,科技
688533,科技
688535,科技
688536,科技
688538,科技
688539,科技
688543,军工
688545,科技
688548,科技
688549,科技
688550,化工
688551,科技
688552,科技
688553,医药
688556,科技
688557,科技
688558,科技
688559,科技
688560,化工
688561,科技
688562,科技
688563,军工
688565,科技
688566,医药
688567,新能源
688568,科技
688569,军工
688570,科技
688571,化工
688573,科技
688575,医药
688576,科技
688577,科技
688578,医药
688579,科技
688580,科技
688581,科技
688582,科技
688583,科技
688584,科技
688585,化工
688586,军工
688588,科技
688589,科技
688590,科技
688591,科技
688592,科技
688593,科技
688595,科技
688596,科技
688597,科技
688598,建材
688599,新能源
688600,科技
688601,科技
688602,化工
688603,科技
688605,科技
688606,医药
688607,科技
688608,科技
688609,科技
688610,科技
688611,新能源
688612,汽车
688613,科技
688615,科技
688616,科技
688617,科技
688618,科技
688619,科技
688620,科技
688622,科技
688623,科技
688625,化工
688626,科技
688627,科技
688628,科技
688629,科技
688630,科技
688631,科技
688633,科技
688635,科技
688636,科技
688638,科技
688639,化工
688646,科技
688648,科技
688651,科技
688652,科技
688653,科技
688655,科技
688656,医药
688657,科技
688658,医药
688659,化工
688660,科技
688661,科技
688662,科技
688663,新能源
688665,科技
688667,科技
688668,科技
688669,化工
688670,医药
688671,科技
688676,新能源
688677,科技
688678,科技
688679,环保
688680,化工
688681,新能源
688682,科技
688683,科技
688685,军工
688686,科技
688687,医药
688689,科技
688690,化工
688691,科技
688692,科技
688693,科技
688695,科技
688696,科技
688697,科技
688698,科技
688699,科技
688700,科技
688701,环保
688702,科技
688707,科技
688708,消费
688709,科技
688711,科技
688712,科技
688716,化工
688717,新能源
688718,科技
688719,新能源
688720,科技
688721,科技
688722,化工
688726,新能源
688727,科技
688728,科技
688729,科技
688733,科技
688737,化工
688739,医药
688750,有色
688755,科技
688757,科技
688758,化工
688759,医药
688765,医药
688766,科技
688767,医药
688768,科技
688772,新能源
688775,科技
688776,科技
688777,科技
688778,科技
688779,科技
688781,科技
688783,科技
688785,科技
688786,建材
688787,科技
688788,科技
688789,科技
688790,科技
688793,新能源
688795,科技
688798,科技
688799,医药
688800,科技
688802,科技
688805,科技
688807,科技
688808,科技
688809,科技
688811,有色
688813,科技
688816,科技
688818,军工
688819,新能源
688820,科技
688981,科技
689009,科技
