code,rows,seams,recent_seams,sawtooth,last_seam,error
300141,3716,0,0,0,,
300142,3560,0,0,0,,
300143,3575,0,0,0,,
300144,3761,0,0,0,,
300145,3646,0,0,0,,
300146,3663,0,0,0,,
300147,3778,0,0,0,,
300148,3534,0,0,0,,
300149,3377,0,0,0,,
300150,3596,0,0,0,,
300151,3693,0,0,0,,
300152,3580,0,0,0,,
300153,3714,0,0,0,,
300154,3756,4,0,0,2025-04-07,
300155,3750,0,0,0,,
300157,3671,0,0,0,,
300158,3640,17,0,0,2022-04-26,
300159,3685,0,0,0,,
300160,3759,3,0,0,2021-06-24,
300161,3678,0,0,0,,
300162,3616,0,0,0,,
300163,3417,0,0,0,,
300164,3547,0,0,0,,
300165,3680,0,0,0,,
300166,3664,0,0,0,,
300167,3681,0,0,0,,
300168,3603,0,0,0,,
300169,3625,0,0,0,,
300170,3747,0,0,0,,
300171,3753,0,0,0,,
300172,3755,6,0,0,2023-08-24,
300173,3516,0,0,0,,
300174,3704,0,0,0,,
300175,3718,0,0,0,,
300176,3615,0,0,0,,
300177,3681,0,0,0,,
300179,3610,10,0,0,2025-10-20,
300180,3583,0,0,0,,
300181,3657,3,0,0,2024-03-12,
300182,3701,0,0,0,,
300183,3737,1,0,0,2021-08-04,
300184,3476,0,0,0,,
300185,3693,4,0,0,2020-09-14,
300187,3541,6,0,0,2024-08-12,
300188,3649,0,0,0,,
300189,3489,0,0,0,,
300190,3565,0,0,0,,
300191,3664,0,0,0,,
300192,3564,8,0,0,2024-08-06,
300193,3717,3,0,0,2025-04-07,
300194,3653,0,0,0,,
300195,3658,0,0,0,,
300196,3653,2,0,0,2025-07-01,
300197,3409,0,0,0,,
300198,3485,0,0,0,,
300199,3694,0,0,0,,
300200,3665,2,0,0,2024-04-22,
300201,3430,3,0,0,2022-11-03,
300203,3631,1,0,0,2024-02-08,
300204,3711,0,0,0,,
300205,3675,0,0,0,,
300206,3705,3,0,0,2024-11-25,
300207,3679,0,0,0,,
300209,3435,0,0,0,,
300210,3702,0,0,0,,
300211,3679,0,0,0,,
300212,3583,0,0,0,,
300213,3542,2,0,0,2023-02-01,
300214,3638,0,0,0,,
300215,3660,0,0,0,,
300217,3675,5,0,0,2022-06-23,
300218,3677,3,0,0,2023-10-12,
300219,3560,1,0,0,2021-07-21,
300220,3544,0,0,0,,
300221,3615,0,0,0,,
300222,3491,0,0,0,,
300223,3453,0,0,0,,
300224,3666,3,0,0,2024-11-01,
300225,3467,0,0,0,,
300226,3566,0,0,0,,
300227,3582,0,0,0,,
300228,3609,1,0,0,2021-04-06,
300229,3587,0,0,0,,
300230,3606,4,0,0,2025-04-07,
300231,3654,3,0,0,2024-09-30,
300232,3583,1,0,0,2025-04-07,
300233,3652,3,0,0,2025-03-12,
300234,3576,1,0,0,2021-03-02,
300235,3524,1,0,0,2021-12-07,
300236,3656,0,0,0,,
300237,3624,0,0,0,,
300238,3428,0,0,0,,
300239,3591,0,0,0,,
300240,3504,0,0,0,,
300241,3583,0,0,0,,
300242,3461,0,0,0,,
300243,3547,2,0,0,2024-04-19,
300244,3632,1,0,0,2025-02-10,
300245,3634,0,0,0,,
300246,3642,0,0,0,,
300247,3501,0,0,0,,
300248,3610,3,0,0,2021-12-31,
300249,3580,0,0,0,,
300250,3572,0,0,0,,
300251,3590,0,0,0,,
300252,3537,0,0,0,,
300253,3605,0,0,0,,
300254,3603,0,0,0,,
300255,3595,0,0,0,,
300256,3588,0,0,0,,
300257,3573,1,0,0,2022-08-29,
300258,3618,0,0,0,,
300259,3592,0,0,0,,
300260,3533,1,0,0,2021-07-29,
300261,3531,0,0,0,,
300263,3530,0,0,0,,
300264,3589,0,0,0,,
300265,3483,0,0,0,,
300266,3287,0,0,0,,
300267,3462,0,0,0,,
300268,3459,0,0,0,,
300269,3441,0,0,0,,
300270,3576,0,0,0,,
300271,3449,0,0,0,,
300272,3420,5,0,0,2025-04-07,
300274,3550,0,0,0,,
300275,3567,0,0,0,,
300276,3429,0,0,0,,
300277,3514,0,0,0,,
300278,3209,0,0,0,,
300279,3364,0,0,0,,
300281,3479,2,0,0,2024-07-26,
300283,3492,1,0,0,2021-06-28,
300284,3445,1,0,0,2024-04-17,
300285,3388,0,0,0,,
300286,3521,2,0,0,2021-06-01,
300287,3433,0,0,0,,
300288,3407,0,0,0,,
300289,3473,0,0,0,,
300290,3278,0,0,0,,
300291,3358,0,0,0,,
300292,3308,0,0,0,,
300293,3418,0,0,0,,
300294,3369,1,0,0,2021-07-20,
300295,3429,0,0,0,,
300296,3415,3,0,0,2025-04-07,
300298,3285,0,0,0,,
300299,3216,0,0,0,,
300300,3283,0,0,0,,
300301,3394,0,0,0,,
300302,3453,0,0,0,,
300303,3469,3,0,0,2023-04-04,
300304,3460,2,0,0,2021-08-03,
300305,3477,2,0,0,2021-06-24,
300306,3386,4,0,0,2024-06-07,
300307,3441,3,0,0,2022-07-28,
300308,3303,0,0,0,,
300310,3303,0,0,0,,
300311,3376,0,0,0,,
300313,3236,0,0,0,,
300314,3446,3,0,0,2024-05-08,
300315,3329,0,0,0,,
300316,3343,0,0,0,,
300317,3241,0,0,0,,
300318,3438,0,0,0,,
300319,3305,1,0,0,2023-10-13,
300320,3341,0,0,0,,
300321,3443,0,0,0,,
300322,3173,0,0,0,,
300323,3150,0,0,0,,
300324,3217,0,0,0,,
300326,3319,0,0,0,,
300327,3423,1,0,0,2015-01-05,
300328,3387,0,0,0,,
300329,3405,0,0,0,,
300331,3274,0,0,0,,
300332,3294,0,0,0,,
300333,3418,0,0,0,,
300334,3257,0,0,0,,
300335,3297,2,0,0,2021-09-28,
300337,3346,0,0,0,,
300338,3289,0,0,0,,
300339,3312,0,0,0,,
300340,3229,0,0,0,,
300341,3369,1,0,0,2022-10-17,
300342,3334,0,0,0,,
300343,3180,0,0,0,,
300345,3319,0,0,0,,
300346,3321,0,0,0,,
300347,3349,0,0,0,,
300348,3269,0,0,0,,
300349,3222,1,0,0,2021-06-15,
300350,3317,0,0,0,,
300351,3255,0,0,0,,
300352,3300,0,0,0,,
300353,3116,0,0,0,,
300354,3358,2,0,0,2021-09-08,
300355,3295,0,0,0,,
300357,3039,1,0,0,2022-04-27,
300358,2977,2,0,0,2020-10-13,
300359,2963,0,0,0,,
300360,2951,4,0,0,2025-11-11,
300363,2923,1,0,0,2022-02-14,
300364,2634,0,0,0,,
300365,2974,0,0,0,,
300366,2851,0,0,0,,
300368,2934,0,0,0,,
300369,3015,0,0,0,,
300370,3012,0,0,0,,
300371,3037,2,0,0,2024-08-16,
300373,2990,0,0,0,,
300374,2627,0,0,0,,
300375,2993,1,0,0,2020-08-27,
300376,2919,2,0,0,2020-09-04,
300377,2988,0,0,0,,
300378,3030,0,0,0,,
300380,3034,0,0,0,,
300381,2945,1,0,0,2024-04-30,
300382,3026,0,0,0,,
300383,2840,0,0,0,,
300384,2795,0,0,0,,
300385,2919,0,0,0,,
300386,2936,0,0,0,,
300387,2841,2,0,0,2022-02-23,
300388,2865,0,0,0,,
300389,2910,6,0,0,2025-04-07,
300390,2836,0,0,0,,
300393,2869,2,0,0,2021-06-15,
300394,2759,0,0,0,,
300395,2878,0,0,0,,
300396,2820,2,0,0,2022-10-17,
300397,2844,0,0,0,,
300398,2772,1,0,0,2024-06-11,
300399,2852,0,0,0,,
300400,2866,7,0,0,2025-04-07,
300401,2850,0,0,0,,
300402,2779,7,0,0,2021-09-16,
300403,2852,3,0,0,2022-07-28,
300404,2665,0,0,0,,
300405,2765,0,0,0,,
300406,2852,1,0,0,2021-12-02,
300407,2709,1,0,0,2024-05-06,
300408,2813,0,0,0,,
300409,2738,1,0,0,2021-08-04,
300410,2588,0,0,0,,
300411,2522,0,0,0,,
300412,2713,3,0,0,2024-12-02,
300413,2530,0,0,0,,
300414,2513,0,0,0,,
300415,2784,3,0,0,2022-06-10,
300416,2785,0,0,0,,
300417,2793,3,0,0,2024-04-17,
300418,2719,0,0,0,,
300419,2680,0,0,0,,
300420,2620,0,0,0,,
300421,2735,4,0,0,2024-08-21,
300422,2754,0,0,0,,
300423,2508,0,0,0,,
300424,2671,0,0,0,,
300425,2642,0,0,0,,
300426,2691,0,0,0,,
300427,2570,0,0,0,,
300428,2588,2,0,0,2022-07-15,
300429,2660,0,0,0,,
300430,2687,0,0,0,,
300432,2667,0,0,0,,
300433,2730,0,0,0,,
300434,2611,2,0,0,2022-11-15,
300435,2743,4,0,0,2021-11-19,
300436,2685,0,0,0,,
300437,2613,0,0,0,,
300438,2685,0,0,0,,
300439,2732,0,0,0,,
300440,2600,0,0,0,,
300441,2489,2,0,0,2024-07-17,
300442,2713,0,0,0,,
300443,2725,1,0,0,2020-09-28,
300444,2628,0,0,0,,
300445,2734,0,0,0,,
300446,2722,5,0,0,2023-05-23,
300447,2637,0,0,0,,
300448,2728,0,0,0,,
300449,2637,0,0,0,,
300450,2565,0,0,0,,
300451,2641,0,0,0,,
300452,2720,5,0,0,2022-12-29,
300453,2710,0,0,0,,
300454,1983,0,0,0,,
300455,2587,0,0,0,,
300456,2570,0,0,0,,
300457,2660,0,0,0,,
300458,2705,0,0,0,,
300459,2501,0,0,0,,
300460,2704,0,0,0,,
300461,2505,0,0,0,,
300462,2425,0,0,0,,
300463,2710,1,0,0,2022-10-14,
300464,2520,0,0,0,,
300465,2615,0,0,0,,
300466,2354,0,0,0,,
300467,2510,0,0,0,,
300468,2679,3,0,0,2022-02-28,
300469,2593,0,0,0,,
300470,2700,0,0,0,,
300471,2691,0,0,0,,
300472,2506,0,0,0,,
300473,2625,0,0,0,,
300474,2493,0,0,0,,
300475,2668,0,0,0,,
300476,2691,0,0,0,,
300477,2593,0,0,0,,
300478,2605,0,0,0,,
300479,2602,0,0,0,,
300480,2620,0,0,0,,
300481,2668,4,0,0,2015-07-06,
300482,2680,5,0,0,2022-03-11,
300483,2609,0,0,0,,
300484,2512,8,0,0,2024-05-09,
300485,2691,0,0,0,,
300486,2539,0,0,0,,
300487,2673,0,0,0,,
300488,2548,7,0,0,2022-10-17,
300489,2678,0,0,0,,
300490,2421,0,0,0,,
300491,2475,2,0,0,2021-07-02,
300492,2373,2,0,0,2023-01-16,
300493,2570,0,0,0,,
300494,2564,0,0,0,,
300496,2512,0,0,0,,
300497,2571,0,0,0,,
300498,2591,0,0,0,,
300499,2542,0,0,0,,
300500,2475,4,0,0,2021-07-02,
300501,2540,2,0,0,2022-01-14,
300502,2518,0,0,0,,
300503,2516,0,0,0,,
300504,2017,0,0,0,,
300505,2512,8,0,0,2024-11-20,
300506,2484,0,0,0,,
300507,2477,5,0,0,2023-11-07,
300508,2489,3,0,0,2022-04-14,
300509,2485,2,0,0,2025-04-07,
300510,2211,0,0,0,,
300511,2478,0,0,0,,
300512,2467,1,0,0,2024-02-26,
300513,2366,0,0,0,,
300514,2245,8,0,0,2023-08-30,
300515,2456,6,0,0,2025-06-23,
300516,2462,1,0,0,2021-04-15,
300517,2431,0,0,0,,
300518,2310,0,0,0,,
300519,2443,0,0,0,,
300520,2427,0,0,0,,
300521,2416,0,0,0,,
300522,2436,0,0,0,,
300523,2341,0,0,0,,
300525,2401,0,0,0,,
300527,2415,0,0,0,,
300528,2417,0,0,0,,
300529,2421,4,0,0,2022-10-31,
300530,2404,0,0,0,,
300531,2411,0,0,0,,
300532,2409,3,0,0,2022-11-28,
300533,2409,9,0,0,2026-04-21,
300534,2376,0,0,0,,
300535,2340,0,0,0,,
300536,2386,0,0,0,,
300537,2323,0,0,0,,
300538,2403,0,0,0,,
300539,2400,5,0,0,2025-01-14,
300540,2396,0,0,0,,
300541,2391,2,0,0,2022-02-11,
300542,2378,0,0,0,,
300543,2312,1,0,0,2021-01-13,
300545,2382,2,0,0,2023-04-26,
300546,2382,0,0,0,,
300547,2380,3,0,0,2024-12-27,
300548,2368,0,0,0,,
300549,2380,6,0,0,2021-02-24,
300550,2368,0,0,0,,
300551,2360,0,0,0,,
300552,2370,0,0,0,,
300553,2370,0,0,0,,
300554,2245,0,0,0,,
300555,2372,0,0,0,,
300556,2360,0,0,0,,
300557,2363,1,0,0,2023-05-17,
300558,2354,0,0,0,,
300559,2363,1,0,0,2021-07-30,
300560,2363,0,0,0,,
300561,2283,0,0,0,,
300562,2349,8,0,0,2024-12-16,
300563,2354,7,0,0,2024-04-26,
300564,1626,6,0,0,2024-10-08,
300565,2348,0,0,0,,
300566,2343,1,0,0,2022-08-18,
300567,2338,0,0,0,,
300568,2341,0,0,0,,
300569,2340,4,0,0,2021-09-17,
300570,2333,0,0,0,,
300571,2328,0,0,0,,
300572,2333,0,0,0,,
300573,2336,0,0,0,,
300575,2328,0,0,0,,
300576,2318,0,0,0,,
300577,2327,2,0,0,2025-04-07,
300578,2229,0,0,0,,
300579,2325,0,0,0,,
300580,2205,1,0,0,2021-12-02,
300581,2328,0,0,0,,
300582,2280,3,0,0,2020-10-23,
300583,2316,1,0,0,2024-07-29,
300584,2312,0,0,0,,
300585,2310,0,0,0,,
300586,2226,0,0,0,,
300587,2317,0,0,0,,
300588,2312,0,0,0,,
300589,2311,0,0,0,,
300590,2209,5,0,0,2024-09-27,
300591,2314,0,0,0,,
300592,2285,2,0,0,2023-05-18,
300593,2270,2,0,0,2020-10-23,
300594,1719,0,0,0,,
300595,2309,0,0,0,,
300596,2297,1,0,0,2024-04-18,
300597,2300,0,0,0,,
300598,2301,0,0,0,,
300599,2295,0,0,0,,
300600,2301,0,0,0,,
300601,2299,6,0,0,2017-02-15,
300602,2302,0,0,0,,
300603,2141,0,0,0,,
300604,2236,0,0,0,,
300605,2298,0,0,0,,
300606,2298,2,0,0,2024-02-08,
300607,2285,0,0,0,,
300608,2295,0,0,0,,
300609,2290,3,0,0,2022-05-10,
300610,2295,3,0,0,2024-03-15,
300611,2290,2,0,0,2024-07-19,
300612,2122,0,0,0,,
300613,2280,0,0,0,,
300614,1253,1,0,0,2021-05-26,
300615,2293,2,0,0,2021-07-12,
300616,2279,3,0,0,2025-04-17,
300617,2284,0,0,0,,
300618,2278,0,0,0,,
300619,2283,2,0,0,2021-06-18,
300620,2261,0,0,0,,
300621,2272,0,0,0,,
300622,2273,4,0,0,2024-08-14,
300623,2269,0,0,0,,
300624,2053,0,0,0,,
300625,2271,1,0,0,2023-05-09,
300626,2270,0,0,0,,
300627,2264,0,0,0,,
300628,2266,0,0,0,,
300629,2223,4,0,0,2021-10-29,
300631,2267,2,0,0,2022-11-04,
300632,2259,1,0,0,2020-12-21,
300633,2259,0,0,0,,
300634,2022,2,0,0,2022-10-24,
300635,2253,0,0,0,,
300636,2260,2,0,0,2021-02-22,
300637,2255,0,0,0,,
300638,2247,5,0,0,2017-04-20,
300639,2255,0,0,0,,
300640,2233,4,0,0,2022-02-08,
300641,2246,15,0,0,2024-10-09,
300642,2248,1,0,0,2021-08-23,
300643,2239,5,0,0,2025-03-26,
300644,2047,2,0,0,2024-04-25,
300645,2238,0,0,0,,
300647,2199,0,0,0,,
300648,2246,0,0,0,,
300649,2234,0,0,0,,
300650,2241,0,0,0,,
300651,2237,1,0,0,2025-04-14,
300652,2232,2,0,0,2021-10-28,
300653,2232,0,0,0,,
300654,2139,0,0,0,,
300655,2220,2,0,0,2021-05-27,
300656,2161,0,0,0,,
300657,2185,0,0,0,,
300658,2211,4,0,0,2022-10-12,
300659,2116,0,0,0,,
300660,2211,8,0,0,2024-11-29,
300661,2204,0,0,0,,
300662,2169,1,0,0,2024-09-26,
300663,2217,0,0,0,,
300664,2072,0,0,0,,
300665,2198,0,0,0,,
300666,2186,0,0,0,,
300667,2194,0,0,0,,
300668,2210,1,0,0,2021-09-15,
300669,2202,3,0,0,2021-09-01,
300670,2104,0,0,0,,
300671,2198,0,0,0,,
300672,2170,0,0,0,,
300673,2194,2,0,0,2023-04-25,
300674,1870,3,0,0,2024-10-14,
300675,2188,0,0,0,,
300676,2176,0,0,0,,
300677,2181,0,0,0,,
300678,2156,0,0,0,,
300679,2165,0,0,0,,
300680,2100,0,0,0,,
300681,2184,0,0,0,,
300682,2128,1,0,0,2025-05-29,
300683,2116,0,0,0,,
300684,2078,12,0,0,2025-04-07,
300685,2174,1,0,0,2024-02-06,
300686,2176,0,0,0,,
300687,2167,1,0,0,2020-09-15,
300688,2151,0,0,0,,
300689,2173,0,0,0,,
300690,2174,9,0,0,2025-04-07,
300691,2161,1,0,0,2022-05-12,
300692,2157,0,0,0,,
300693,2159,6,0,0,2022-07-14,
300694,1887,0,0,0,,
300695,2151,0,0,0,,
300696,2164,0,0,0,,
300697,2148,8,0,0,2025-03-24,
300698,2157,0,0,0,,
300699,2151,0,0,0,,
300700,2139,0,0,0,,
300701,2146,1,0,0,2025-04-07,
300702,2144,0,0,0,,
300703,2140,0,0,0,,
300705,2134,1,0,0,2021-07-19,
300706,2139,0,0,0,,
300707,2134,0,0,0,,
300708,2130,6,0,0,2021-06-17,
300709,2127,0,0,0,,
300710,2112,0,0,0,,
300711,2118,8,0,0,2024-04-23,
300712,2119,1,0,0,2020-10-23,
300713,2118,0,0,0,,
300715,2116,2,0,0,2021-05-31,
300716,2105,0,0,0,,
300717,2107,3,0,0,2021-09-16,
300718,2110,0,0,0,,
300719,2112,1,0,0,2020-09-21,
300720,2105,6,0,0,2021-09-27,
300721,2108,0,0,0,,
300722,2109,0,0,0,,
300723,2107,0,0,0,,
300724,1922,0,0,0,,
300725,2106,0,0,0,,
300726,2104,2,0,0,2024-10-08,
300727,2100,10,0,0,2022-08-10,
300729,2096,4,0,0,2025-04-07,
300730,2089,0,0,0,,
300731,2076,0,0,0,,
300732,2045,1,0,0,2022-02-07,
300733,2065,0,0,0,,
300735,2071,0,0,0,,
300736,2068,0,0,0,,
300737,2048,2,0,0,2024-10-09,
300738,2062,0,0,0,,
300739,2053,3,0,0,2024-02-27,
300740,1948,0,0,0,,
300741,2038,2,0,0,2022-01-24,
300743,1999,3,0,0,2025-04-07,
300745,1983,0,0,0,,
300746,1963,5,0,0,2023-03-09,
300747,1961,0,0,0,,
300748,1892,0,0,0,,
300749,1881,0,0,0,,
300750,1965,0,0,0,,
300751,1863,0,0,0,,
300752,1853,0,0,0,,
300753,1844,0,0,0,,
300755,1813,3,0,0,2024-10-09,
300756,1833,0,0,0,,
300757,1803,0,0,0,,
300758,1800,1,0,0,2020-11-13,
300759,1809,0,0,0,,
300760,1881,0,0,0,,
300761,1804,1,0,0,2021-01-04,
300762,1786,0,0,0,,
300763,1778,0,0,0,,
300765,1760,2,0,0,2023-08-31,
300766,1779,0,0,0,,
300767,1775,0,0,0,,
300768,1766,0,0,0,,
300769,1765,0,0,0,,
300770,1761,1,0,0,2021-11-15,
300771,1760,6,0,0,2025-04-07,
300772,1750,0,0,0,,
300773,1757,4,0,0,2025-05-29,
300774,1203,2,0,0,2021-11-18,
300775,1742,0,0,0,,
300776,1744,3,0,0,2024-05-17,
300777,1745,0,0,0,,
300778,1749,3,0,0,2022-05-10,
300779,1741,1,0,0,2021-07-09,
300780,1734,0,0,0,,
300781,1726,0,0,0,,
300782,1723,0,0,0,,
300783,1705,0,0,0,,
300784,516,1,0,0,2024-06-11,
300785,1704,3,0,0,2024-05-07,
300786,1698,0,0,0,,
300787,1681,5,0,0,2025-04-07,
300788,1710,5,0,0,2024-02-20,
300789,1672,4,0,0,2024-02-08,
300790,1656,0,0,0,,
300791,1653,1,0,0,2020-08-27,
300792,1651,1,0,0,2022-04-29,
300793,1641,3,0,0,2022-03-28,
300795,1637,6,0,0,2024-12-16,
300796,1621,0,0,0,,
300797,1631,4,0,0,2022-10-17,
300798,1616,0,0,0,,
300800,1628,0,0,0,,
300801,1612,1,0,0,2022-03-30,
300802,1621,3,0,0,2022-07-06,
300803,1615,0,0,0,,
300804,746,0,0,0,,
300805,1617,0,0,0,,
300806,1615,0,0,0,,
300807,1582,0,0,0,,
300808,1611,2,0,0,2022-05-18,
300809,1603,6,0,0,2022-02-16,
300810,1606,0,0,0,,
300811,1590,2,0,0,2022-04-27,
300812,1583,0,0,0,,
300813,1580,2,0,0,2021-07-20,
300814,1197,0,0,0,,
300815,1573,3,0,0,2025-05-29,
300816,1567,0,0,0,,
300817,1561,6,0,0,2024-08-28,
300818,1565,3,0,0,2022-03-30,
300819,1544,7,0,0,2025-03-11,
300820,1564,2,0,0,2021-10-28,
300821,1544,3,0,0,2021-08-18,
300822,1543,2,0,0,2022-09-19,
300823,1539,6,0,0,2025-04-07,
300824,1477,4,0,0,2025-04-25,
300825,1533,0,0,0,,
300826,1528,0,0,0,,
300827,1509,3,0,0,2021-07-22,
300828,1507,6,0,0,2024-12-04,
300829,1516,0,0,0,,
300830,1509,0,0,0,,
300831,1507,0,0,0,,
300832,1500,0,0,0,,
300833,1499,0,0,0,,
300834,1095,0,0,0,,
300835,1496,2,0,0,2021-11-01,
300836,1493,3,0,0,2024-04-22,
300837,1487,0,0,0,,
300838,1486,0,0,0,,
300839,1467,0,0,0,,
300840,1466,1,0,0,2022-07-06,
300841,1475,1,0,0,2022-04-22,
300842,1468,1,0,0,2021-03-17,
300843,1470,1,0,0,2024-04-24,
300844,1196,0,0,0,,
300845,1469,9,0,0,2025-05-14,
300846,1471,0,0,0,,
300847,1465,3,0,0,2023-05-15,
300848,1458,4,0,0,2021-11-16,
300849,1464,0,0,0,,
300850,1457,5,0,0,2024-07-24,
300851,1449,3,0,0,2024-08-01,
300852,1463,2,0,0,2021-07-29,
300853,1454,1,0,0,2021-06-02,
300854,1172,0,0,0,,
300855,1455,0,0,0,,
300856,1456,2,0,0,2023-04-20,
300857,1448,0,0,0,,
300858,1453,0,0,0,,
300859,1441,7,0,0,2022-06-28,
300860,1433,2,0,0,2022-11-02,
300861,1433,0,0,0,,
300862,1433,1,0,0,2020-08-25,
300863,1433,11,0,0,2021-12-23,
300864,1433,2,0,0,2021-08-31,
300865,1433,2,0,0,2020-08-27,
300866,1428,0,0,0,,
300867,1433,1,0,0,2020-08-25,
300868,1433,0,0,0,,
300869,1433,2,0,0,2022-02-18,
300870,1433,4,0,0,2024-03-01,
300871,1433,2,0,0,2025-03-26,
300872,1433,0,0,0,,
300873,1433,1,0,0,2020-08-25,
300875,1413,0,0,0,,
300876,1433,3,0,0,2020-08-28,
300877,1433,1,0,0,2020-08-25,
300878,1433,1,0,0,2020-08-25,
300879,1427,1,0,0,2020-09-02,
300880,1427,7,0,0,2023-07-17,
300881,1427,12,0,0,2024-09-24,
300882,1420,8,0,0,2024-05-24,
300883,1420,0,0,0,,
300884,1381,1,0,0,2021-05-31,
300885,1420,7,0,0,2024-06-18,
300886,1406,0,0,0,,
300887,1416,1,0,0,2021-06-17,
300888,1410,0,0,0,,
300889,1406,0,0,0,,
300890,1415,0,0,0,,
300891,1415,0,0,0,,
300892,1410,0,0,0,,
300893,1410,5,0,0,2022-08-08,
300894,1346,1,0,0,2024-04-16,
300895,1410,0,0,0,,
300896,1403,0,0,0,,
300897,1403,1,0,0,2020-10-28,
300898,1400,2,0,1,2020-10-20,
300899,1398,8,0,0,2024-07-17,
300900,1391,0,0,0,,
300901,1391,0,0,0,,
300902,1391,0,0,0,,
300903,1386,0,0,0,,
300904,715,1,0,0,2023-08-10,
300905,1376,8,0,0,2025-04-07,
300906,1386,5,0,0,2021-02-01,
300907,1377,6,0,0,2024-04-18,
300908,1374,1,0,0,2021-08-09,
300909,1368,0,0,0,,
300910,1370,3,0,0,2023-03-22,
300911,1366,1,0,0,2025-02-17,
300912,1354,0,0,0,,
300913,1364,5,0,0,2023-04-06,
300915,1367,1,0,0,2025-02-27,
300916,1367,4,0,0,2024-04-17,
300917,1354,13,0,0,2024-04-29,
300918,1353,3,0,0,2024-06-04,
300919,1347,0,0,0,,
300920,1350,2,0,0,2024-04-22,
300921,1353,5,0,0,2023-03-08,
300922,1350,4,0,0,2021-10-27,
300923,1351,6,0,0,2025-04-07,
300925,1347,1,0,0,2021-07-30,
300926,1342,8,0,0,2023-07-12,
300927,1342,5,0,0,2022-04-19,
300928,1343,0,0,0,,
300929,1333,0,0,0,,
300930,1332,0,0,0,,
300931,1332,0,0,0,,
300932,1331,5,0,0,2022-06-10,
300933,1331,0,0,0,,
300935,1333,0,0,0,,
300936,1329,4,0,0,2022-05-11,
300937,1328,3,0,1,2021-02-02,
300938,1328,2,0,1,2021-02-02,
300939,1327,2,0,1,2021-02-02,
300940,1323,1,0,0,2021-02-09,
300941,1319,5,0,0,2022-11-08,
300942,1319,0,0,0,,
300943,1308,5,0,0,2021-12-27,
300945,1318,6,0,0,2024-12-02,
300946,1320,6,0,0,2024-02-26,
300947,1318,0,0,0,,
300948,1307,0,0,0,,
300949,1311,0,0,0,,
300950,1298,4,0,0,2024-04-24,
300951,1311,3,0,0,2024-07-09,
300952,1302,2,0,0,2022-04-22,
300953,1292,0,0,0,,
300955,1288,2,0,0,2021-04-09,
300956,1281,1,0,0,2024-05-21,
300957,1287,0,0,0,,
300958,1290,0,0,0,,
300959,1290,3,0,0,2023-03-27,
300960,1290,7,0,0,2024-07-19,
300961,1289,1,0,0,2021-03-31,
300962,1282,2,0,0,2021-08-16,
300963,1282,2,0,0,2021-05-07,
300964,1202,1,0,0,2024-02-23,
300965,1265,2,0,0,2024-03-28,
300966,1282,1,0,0,2021-04-12,
300967,1280,6,0,0,2025-04-07,
300968,1278,0,0,0,,
300969,1281,5,0,0,2022-06-06,
300970,1281,4,0,0,2025-04-08,
300971,1278,3,0,0,2025-04-07,
300972,1271,0,0,0,,
300973,1278,0,0,0,,
300975,1274,1,0,0,2021-04-27,
300976,1276,3,0,0,2024-10-08,
300977,1275,1,0,0,2021-06-21,
300978,1271,6,0,0,2025-04-07,
300979,1271,0,0,0,,
300980,1274,1,0,0,2024-02-08,
300981,1270,5,0,0,2026-03-13,
300982,1270,3,0,0,2021-08-11,
300983,1275,0,0,0,,
300984,1236,0,0,0,,
300985,1268,0,0,0,,
300986,1264,1,0,0,2022-06-24,
300987,1263,4,0,0,2021-11-24,
300988,1262,9,0,0,2024-06-25,
300989,1265,1,0,0,2021-05-10,
300990,1262,7,0,0,2024-09-18,
300991,1256,0,0,0,,
300992,1248,0,0,0,,
300993,1254,0,0,0,,
300994,1197,9,0,0,2025-08-26,
300995,1252,5,0,0,2024-04-01,
300996,1246,4,0,0,2024-02-08,
300997,1247,4,0,0,2024-12-02,
300998,1247,1,0,0,2021-08-04,
300999,1396,0,0,0,,
301000,1250,4,0,0,2024-11-12,
301001,1250,4,0,0,2024-05-27,
301002,1244,0,0,0,,
301003,1248,4,0,0,2025-02-27,
301004,1231,7,0,0,2025-04-07,
301005,1248,1,0,0,2021-06-02,
301006,1244,2,0,0,2024-02-08,
301007,1236,6,0,0,2023-09-18,
301008,1240,2,0,0,2024-04-12,
301009,1237,0,0,0,,
301010,1236,10,0,0,2023-03-10,
301011,1237,3,0,0,2023-09-07,
301012,1232,0,0,0,,
301013,1229,0,0,0,,
301015,1228,2,0,0,2022-03-10,
301016,1218,10,0,0,2025-04-03,
301017,1225,0,0,0,,
301018,1223,6,0,0,2021-11-01,
301019,1230,2,1,0,2026-07-02,
301020,1224,4,0,0,2024-07-03,
301021,1224,0,0,0,,
301022,1216,9,0,0,2025-02-28,
301023,1223,3,0,0,2025-04-07,
301024,1208,0,0,0,,
301025,1210,1,0,0,2021-07-20,
301026,1216,2,0,0,2024-07-09,
301027,1214,0,0,0,,
301028,1214,1,0,0,2021-09-06,
301029,1211,3,0,0,2025-04-07,
301030,1211,0,0,0,,
301031,1217,1,0,0,2022-04-28,
301032,1212,3,0,0,2023-12-20,
301033,1200,2,0,0,2024-04-19,
301035,1208,1,0,0,2022-01-10,
301036,1207,9,0,0,2024-09-30,
301037,1206,0,0,0,,
301038,1203,2,0,0,2022-02-10,
301039,1220,3,0,0,2022-05-17,
301040,1199,0,0,0,,
301041,1198,0,0,0,,
301042,1202,2,0,0,2024-02-23,
301043,1198,1,0,0,2021-12-31,
301045,1196,0,0,0,,
301046,1194,4,0,0,2025-04-07,
301047,1195,1,0,0,2024-05-08,
301048,1193,2,0,0,2023-04-21,
301049,1189,0,0,0,,
301050,1189,0,0,0,,
301051,1186,0,0,0,,
301052,1185,0,0,0,,
301053,1183,0,0,0,,
301055,1180,1,0,0,2025-03-24,
301056,1179,3,0,0,2025-04-07,
301057,1172,0,0,0,,
301058,1177,5,0,0,2025-04-08,
301059,1175,4,0,0,2024-10-25,
301060,1175,11,0,0,2025-04-07,
301061,1175,2,0,0,2025-04-10,
301062,1174,1,0,0,2023-01-16,
301063,1168,0,0,0,,
301065,1174,3,0,0,2024-08-08,
301066,1170,3,0,0,2024-09-05,
301067,1170,0,0,0,,
301068,1156,3,0,0,2024-03-14,
301069,1167,0,0,0,,
301070,1169,0,0,0,,
301071,1168,0,0,0,,
301072,1165,0,0,0,,
301073,1159,3,0,0,2022-04-12,
301075,1158,0,0,0,,
301076,1162,0,0,0,,
301077,1164,5,0,0,2024-10-31,
301078,1159,0,0,0,,
301079,1146,0,0,0,,
301080,1157,0,0,0,,
301081,1155,3,0,0,2024-02-05,
301082,1150,2,0,0,2023-04-07,
301083,1154,1,0,0,2021-10-22,
301085,1157,3,0,0,2022-05-18,
301086,1155,3,0,0,2025-04-07,
301087,1152,1,0,0,2022-03-11,
301088,1149,0,0,0,,
301089,1145,0,0,0,,
301090,1151,1,0,0,2021-10-27,
301091,1148,0,0,0,,
301092,1146,4,0,0,2024-04-11,
301093,1147,0,0,0,,
301095,960,0,0,0,,
301096,1107,0,0,0,,
301097,1042,2,0,0,2024-11-04,
301098,1138,0,0,0,,
301099,1132,1,0,0,2021-11-23,
301100,1113,0,0,0,,
301101,1114,6,0,0,2024-12-18,
301102,1048,0,0,0,,
301103,1052,2,0,0,2023-04-27,
301105,861,2,0,0,2025-05-22,
301106,1074,2,0,0,2025-04-07,
301107,1012,2,0,0,2025-04-07,
301108,1123,1,0,0,2022-01-10,
301109,1028,1,0,0,2025-03-17,
301110,1059,4,0,0,2023-05-17,
301111,1121,0,0,0,,
301112,977,0,0,0,,
301113,1110,5,0,0,2023-08-15,
301115,942,2,0,0,2024-08-27,
301116,1092,0,0,0,,
301117,1093,0,0,0,,
301118,1134,1,0,0,2022-03-23,
301119,1132,6,0,0,2025-04-07,
301120,1034,0,0,0,,
301121,959,0,0,0,,
301122,1086,0,0,0,,
301123,1087,1,0,0,2022-01-26,
301125,1002,2,0,0,2023-05-24,
301126,1121,0,0,0,,
301127,1104,0,0,0,,
301128,1140,5,0,0,2024-03-04,
301129,1146,5,0,0,2024-08-30,
301130,1071,0,0,0,,
301131,1058,1,0,0,2022-03-15,
301132,957,5,0,0,2025-04-07,
301133,1128,0,0,0,,
301135,1039,1,0,0,2024-03-15,
301136,1097,0,0,0,,
301137,1052,1,0,0,2022-05-30,
301138,1115,9,0,0,2025-04-08,
301139,979,0,0,0,,
301141,801,0,0,0,,
301148,1022,2,0,0,2023-08-23,
301149,1140,3,0,0,2024-08-22,
301150,1032,0,0,0,,
301151,1040,0,0,0,,
301152,944,0,0,0,,
301153,1016,3,0,0,2023-01-03,
301155,1130,0,0,0,,
301156,995,7,0,0,2025-05-15,
301157,818,0,0,0,,
301158,1093,1,0,0,2022-01-18,
301159,1099,0,0,0,,
301160,1004,3,0,0,2024-12-09,
301161,933,0,0,0,,
301162,1026,3,0,0,2024-11-25,
301163,1034,2,0,0,2024-02-26,
301165,885,0,0,0,,
301166,1106,4,0,0,2022-11-29,
301167,1122,3,0,0,2024-04-23,
301168,1118,0,0,0,,
301169,1145,0,0,0,,
301170,746,0,0,0,,
301171,947,0,0,0,,
301172,725,0,0,0,,
301173,340,0,0,0,,
301175,980,0,0,0,,
301176,923,0,0,0,,
301177,1115,1,0,0,2022-04-22,
301178,1128,0,0,0,,
301179,1120,2,0,0,2025-04-07,
301180,1136,0,0,0,,
301181,1068,4,0,0,2025-02-25,
301182,1109,1,0,0,2021-12-24,
301183,1012,0,0,0,,
301185,1133,2,0,0,2023-05-30,
301186,1107,3,0,0,2023-07-11,
301187,1031,2,0,1,2022-04-26,
301188,1139,0,0,0,,
301189,1106,0,0,0,,
301190,1108,1,0,0,2022-08-08,
301191,1010,1,0,0,2023-09-11,
301192,956,4,0,0,2024-04-17,
301193,1119,0,0,0,,
301195,964,0,0,0,,
301196,1097,2,0,0,2025-04-07,
301197,959,0,0,0,,
301198,1124,2,0,0,2022-06-10,
301199,1121,0,0,0,,
301200,1063,0,0,0,,
301201,1090,4,0,0,2024-03-04,
301202,740,5,0,0,2024-09-27,
301203,800,4,0,0,2023-08-23,
301205,934,0,0,0,,
301206,1080,1,0,0,2025-04-10,
301207,1074,2,0,0,2026-01-26,
301208,981,1,0,0,2024-02-23,
301209,946,1,0,0,2024-05-06,
301210,743,2,0,0,2024-09-27,
301211,1110,6,0,0,2023-05-16,
301212,1034,1,0,0,2022-04-22,
301213,1112,0,0,0,,
301215,1062,2,0,0,2023-11-23,
301216,1047,0,0,0,,
301217,1085,0,0,0,,
301218,1058,0,0,0,,
301219,1055,3,0,0,2024-09-30,
301220,992,0,0,0,,
301221,1110,0,0,0,,
301222,1061,1,0,0,2024-11-08,
301223,908,0,0,0,,
301225,751,2,0,0,2023-10-09,
301226,1049,0,0,0,,
301227,925,0,0,0,,
301228,1084,0,0,0,,
301229,1072,0,0,0,,
301230,904,6,0,0,2024-05-14,
301231,936,0,0,0,,
301232,752,0,0,0,,
301233,982,1,0,0,2023-01-30,
301234,973,2,0,0,2023-08-11,
301235,1084,0,0,0,,
301236,1052,0,0,0,,
301237,1051,0,0,0,,
301238,995,2,0,0,2025-02-13,
301239,983,0,0,0,,
301246,811,0,0,0,,
301248,1033,0,0,0,,
301251,695,0,0,0,,
301252,767,3,0,0,2024-02-22,
301255,864,1,0,0,2023-06-15,
301256,1052,3,0,0,2025-04-01,
301257,1017,0,0,0,,
301258,1047,3,0,0,2024-05-07,
301259,1029,0,0,0,,
301260,839,0,0,0,,
301261,737,2,0,0,2024-07-04,
301262,749,2,0,0,2023-11-22,
301263,1047,1,0,0,2022-04-07,
301265,871,0,0,0,,
301266,1002,0,0,0,,
301267,900,0,0,0,,
301268,1042,0,0,0,,
301269,950,0,0,0,,
301270,942,3,0,0,2023-04-28,
301272,734,0,0,0,,
301273,909,0,0,0,,
301275,334,1,0,0,2025-03-12,
301276,935,0,0,0,,
301277,893,2,0,0,2024-05-13,
301278,961,0,0,0,,
301279,1038,4,0,0,2024-06-27,
301280,865,3,0,0,2025-04-07,
301281,790,0,0,0,,
301282,945,0,0,0,,
301283,940,1,0,0,2025-04-07,
301285,923,1,0,0,2022-09-29,
301286,998,0,0,0,,
301287,753,2,0,0,2025-04-14,
301288,1029,1,0,0,2022-04-26,
301289,992,4,0,0,2023-11-01,
301290,883,1,0,0,2024-02-08,
301291,743,0,0,0,,
301292,738,0,0,0,,
301293,781,0,0,0,,
301295,745,0,0,0,,
301296,940,0,0,0,,
301297,851,0,0,0,,
301298,1004,2,0,0,2025-04-07,
301299,913,10,0,0,2025-01-27,
301300,950,5,0,0,2025-02-20,
301301,859,0,0,0,,
301302,991,0,0,0,,
301303,831,0,0,0,,
301305,769,0,0,0,,
301306,968,0,0,0,,
301307,787,0,0,0,,
301308,955,0,0,0,,
301309,920,0,0,0,,
301310,761,1,0,0,2025-04-07,
301311,883,0,0,0,,
301312,979,2,0,0,2024-07-09,
301313,921,0,0,0,,
301314,805,0,0,0,,
301315,748,1,0,0,2023-06-26,
301316,907,0,0,0,,
301317,848,4,0,0,2025-05-13,
301318,957,7,0,0,2025-04-07,
301319,922,2,0,0,2025-04-07,
301320,756,0,0,0,,
301321,951,0,0,0,,
301322,821,0,0,0,,
301323,749,1,0,0,2023-07-14,
301325,776,0,0,0,,
301326,928,0,0,0,,
301327,930,1,0,0,2024-04-29,
301328,936,1,0,0,2024-02-08,
301329,732,3,0,0,2025-04-07,
301330,952,1,0,0,2025-04-07,
301331,928,0,0,0,,
301332,772,3,0,0,2025-04-07,
301333,963,0,0,0,,
301335,881,0,0,0,,
301336,955,0,0,0,,
301337,766,0,0,0,,
301338,953,0,0,0,,
301339,935,2,0,0,2023-01-19,
301345,810,0,0,0,,
301348,714,0,0,0,,
301349,935,0,0,0,,
301353,764,1,0,0,2024-12-13,
301355,755,0,0,0,,
301356,895,0,0,0,,
301357,781,0,0,0,,
301358,833,0,0,0,,
301359,898,2,0,0,2024-11-11,
301360,786,1,0,0,2024-02-08,
301361,893,0,0,0,,
301362,708,2,0,0,2026-02-03,
301363,918,1,0,0,2022-10-14,
301365,889,5,0,0,2025-10-15,
301366,925,4,0,0,2024-05-23,
301367,904,1,0,0,2024-01-26,
301368,872,0,0,0,,
301369,927,1,0,0,2023-04-14,
301370,735,1,0,0,2024-07-23,
301371,721,0,0,0,,
301372,713,0,0,0,,
301373,839,0,0,0,,
301376,748,2,0,0,2025-04-07,
301377,884,0,0,0,,
301378,811,0,0,0,,
301379,904,1,0,0,2023-07-14,
301380,909,1,0,0,2023-08-17,
301381,735,1,0,0,2023-07-20,
301382,773,0,0,0,,
301383,756,0,0,0,,
301386,804,1,0,0,2023-07-12,
301387,791,1,0,0,2023-06-02,
301388,898,0,0,0,,
301389,905,5,0,0,2025-04-10,
301390,780,0,0,0,,
301391,882,0,0,0,,
301392,518,0,0,0,,
301393,735,0,0,0,,
301395,742,2,0,0,2024-04-25,
301396,896,0,0,0,,
301397,745,1,0,0,2025-04-07,
301398,872,0,0,0,,
301399,769,2,0,0,2023-05-25,
301408,824,0,0,0,,
301413,628,0,0,0,,
301418,707,0,0,0,,
301419,838,4,0,0,2025-04-07,
301421,705,1,0,0,2023-08-24,
301428,771,0,0,0,,
301429,792,3,0,0,2024-04-18,
301439,812,1,0,0,2025-04-07,
301446,726,0,0,0,,
301448,750,1,0,0,2023-08-10,
301449,140,2,0,0,2025-12-26,
301456,733,1,0,0,2024-06-25,
301458,370,1,0,0,2025-01-14,
301459,631,0,0,0,,
301468,727,0,0,0,,
301469,706,2,0,0,2024-02-02,
301479,329,0,0,0,,
301486,728,0,0,0,,
301487,715,1,0,0,2023-08-10,
301488,741,2,0,0,2024-04-08,
301489,667,0,0,0,,
301491,233,0,0,0,,
301498,705,0,0,0,,
301499,728,1,0,0,2023-07-27,
301500,684,0,0,0,,
301501,328,0,0,0,,
301502,595,3,0,2,2024-02-07,
301503,732,3,0,0,2025-01-20,
301505,721,2,0,0,2024-04-17,
301507,696,0,0,0,,
301508,639,2,0,0,2024-03-29,
301509,719,6,0,0,2025-05-06,
301510,711,0,0,0,,
301511,709,0,0,0,,
301512,729,0,0,0,,
301513,66,0,0,0,,
301515,726,0,0,0,,
301516,634,0,0,0,,
301517,663,0,0,0,,
301518,719,0,0,0,,
301519,724,1,0,0,2024-06-21,
301520,682,1,0,0,2023-09-27,
301522,431,1,0,0,2024-10-17,
301525,700,0,0,0,,
301526,617,0,0,0,,
301528,702,0,0,0,,
301529,692,0,0,0,,
301531,53,0,0,0,,
301533,708,2,0,0,2025-04-08,
301535,322,0,0,0,,
301536,557,0,0,0,,
301538,568,0,0,0,,
301539,552,0,0,0,,
301548,685,0,0,0,,
301550,688,3,0,0,2024-10-08,
301551,440,4,0,1,2024-10-09,
301552,486,3,0,0,2025-04-07,
301555,662,0,0,0,,
301556,430,1,0,0,2024-10-21,
301557,339,0,0,0,,
301558,679,1,0,0,2023-10-09,
301559,676,1,0,0,2025-05-14,
301560,302,0,0,0,,
301563,194,1,0,0,2025-10-09,
301565,508,0,0,0,,
301566,619,0,0,0,,
301567,608,0,0,0,,
301568,642,4,0,0,2025-04-07,
301571,464,0,0,0,,
301575,208,0,0,0,,
301577,602,2,0,1,2024-01-30,
301578,620,0,0,0,,
301580,504,0,0,0,,
301581,375,0,0,0,,
301583,10,1,1,0,2026-07-15,
301584,197,0,0,0,,
301585,384,0,0,0,,
301586,459,0,0,0,,
301587,557,0,0,0,,
301588,573,0,0,0,,
301589,591,0,0,0,,
301590,277,0,0,0,,
301591,583,0,0,0,,
301592,425,0,0,0,,
301595,289,0,0,0,,
301596,535,1,0,0,2024-05-14,
301598,384,1,0,0,2025-04-07,
301599,57,0,0,0,,
301600,449,4,0,0,2025-04-07,
301601,367,0,0,0,,
301602,362,0,0,0,,
301603,494,0,0,0,,
301606,477,0,0,0,,
301607,454,0,0,0,,
301608,478,0,0,0,,
301609,243,0,0,0,,
301611,462,0,0,0,,
301613,414,1,0,0,2025-03-31,
301616,322,1,0,0,2025-03-31,
301617,391,0,0,0,,
301618,438,3,0,1,2024-10-11,
301622,396,0,0,0,,
301626,425,0,0,0,,
301628,420,0,0,0,,
301629,325,0,0,0,,
301630,252,0,0,0,,
301631,404,0,0,0,,
301632,229,1,0,0,2025-08-13,
301633,415,0,0,0,,
301636,290,0,0,0,,
301638,165,1,0,0,2025-11-19,
301656,197,0,0,0,,
301658,318,0,0,0,,
301662,308,0,0,0,,
301665,312,0,0,0,,
301666,64,0,0,0,,
301667,140,1,0,0,2025-12-24,
301668,196,0,0,0,,
301669,32,1,0,0,2026-06-11,
301678,266,0,0,0,,
301680,95,0,0,0,,
301682,82,0,0,0,,
301683,77,0,0,0,,
301687,134,0,0,0,,
301696,71,1,0,0,2026-04-13,
302132,3844,3,0,0,2015-01-05,
600000,6397,0,0,0,,
600004,5638,0,0,0,,
600006,6323,2,0,0,2006-05-22,
600007,6378,1,0,0,2006-04-28,
600008,6341,0,0,0,,
600009,6418,0,0,0,,
600010,6143,0,0,0,,
600011,5968,1,0,0,2015-01-05,
600012,5650,0,0,0,,
600015,5546,0,0,0,,
600016,6199,0,0,0,,
600017,4765,0,0,0,,
600018,4790,0,0,0,,
600019,6112,0,0,0,,
600020,5493,0,0,0,,
600021,5441,0,0,0,,
600022,5022,0,0,0,,
600023,3056,0,0,0,,
600025,2081,0,0,0,,
600026,5768,0,0,0,,
600027,5196,0,0,0,,
600028,6049,0,0,0,,
600029,5578,0,0,0,,
600030,5694,0,0,0,,
600031,5596,0,0,0,,
600032,1248,0,0,0,,
600033,6131,1,0,0,2001-10-23,
600035,5213,0,0,0,,
600036,5888,0,0,0,,
600037,6101,0,0,0,,
600038,6190,0,0,0,,
600039,5640,0,0,0,,
600048,4844,1,0,0,2015-01-05,
600050,5678,0,0,0,,
600051,6223,1,0,0,2006-05-16,
600052,6307,7,0,0,2020-07-16,
600053,6248,22,0,0,2018-12-17,
600054,6367,0,0,0,,
600055,6214,3,0,0,2008-09-19,
600056,6230,1,0,0,2000-01-07,
600057,5747,2,0,0,2011-08-29,
600058,6354,0,0,0,,
600059,6378,0,0,0,,
600060,6426,0,0,0,,
600061,6389,0,0,0,,
600062,6397,0,0,0,,
600063,6302,6,0,0,2006-12-20,
600064,6366,3,0,0,2009-01-16,
600066,6428,0,0,0,,
600067,6365,2,0,0,2006-01-05,
600071,6310,0,0,0,,
600072,6327,0,0,0,,
600073,6279,0,0,0,,
600075,6341,34,0,0,2020-07-07,
600076,6349,0,0,0,,
600078,6354,1,0,0,2018-08-07,
600079,6331,1,0,0,2006-04-21,
600080,6406,0,0,0,,
600081,6411,0,0,0,,
600082,6424,0,0,0,,
600084,6197,0,0,0,,
600085,6429,0,0,0,,
600088,6434,0,0,0,,
600089,6419,0,0,0,,
600094,6402,0,0,0,,
600095,6392,0,0,0,,
600096,6106,1,0,0,2006-04-05,
600097,6295,36,0,0,2022-04-25,
600098,6427,0,0,0,,
600099,6239,0,0,0,,
600100,6313,0,0,0,,
600101,6379,1,0,0,2007-02-26,
600103,6431,1,0,0,2021-05-21,
600104,6409,0,0,0,,
600105,6406,0,0,0,,
600106,6270,5,0,1,2008-10-17,
600107,6387,0,0,0,,
600108,6433,0,0,0,,
600109,6409,0,0,0,,
600110,6234,0,0,0,,
600111,6429,0,0,0,,
600113,6156,1,0,0,2006-02-08,
600114,5327,0,0,0,,
600115,6415,0,0,0,,
600116,6330,4,0,0,2007-01-09,
600117,6367,0,0,0,,
600118,6429,0,0,0,,
600119,6427,0,0,0,,
600120,6189,7,0,0,2009-03-16,
600121,6412,1,0,0,2015-01-05,
600123,6380,0,0,0,,
600125,6378,0,0,0,,
600126,6414,0,0,0,,
600127,6404,0,0,0,,
600128,6354,0,0,0,,
600129,6410,1,0,0,2015-09-16,
600130,6310,0,0,0,,
600131,6418,0,0,0,,
600132,6429,0,0,0,,
600133,6050,0,0,0,,
600135,6423,0,0,0,,
600136,6172,0,0,0,,
600137,6363,29,0,0,2024-02-08,
600138,6424,1,0,0,2015-07-09,
600141,6396,0,0,0,,
600143,5275,0,0,0,,
600148,6341,0,0,0,,
600149,6357,0,0,0,,
600150,6288,0,0,0,,
600151,6257,0,0,0,,
600152,6353,0,0,0,,
600153,6195,0,0,0,,
600155,6206,0,0,0,,
600156,6397,0,0,0,,
600157,6173,0,0,0,,
600158,6300,0,0,0,,
600159,6313,2,0,0,2006-05-24,
600160,6408,0,0,0,,
600161,6308,0,0,0,,
600162,6237,4,0,0,2005-07-06,
600163,6405,19,0,0,2021-09-02,
600165,6180,0,0,0,,
600166,6425,0,0,0,,
600167,6171,3,0,0,2008-10-27,
600168,6163,0,0,0,,
600169,6428,0,0,0,,
600170,6409,0,0,0,,
600171,6383,0,0,0,,
600172,6369,0,0,0,,
600173,6056,1,0,0,2005-05-25,
600176,6407,0,0,0,,
600177,6411,0,0,0,,
600178,6433,0,0,0,,
600179,6377,0,0,0,,
600180,6419,26,0,0,2022-05-24,
600182,6248,0,0,0,,
600183,6429,0,0,0,,
600184,5517,0,0,0,,
600185,6290,6,0,0,2009-01-15,
600186,6333,2,0,0,2020-01-21,
600187,6315,0,0,0,,
600188,6428,1,0,0,2015-01-05,
600189,6126,0,0,0,,
600191,6295,0,0,0,,
600192,6434,0,0,0,,
600195,6305,1,0,0,2006-03-28,
600196,6414,0,0,0,,
600197,6384,1,0,0,2006-08-01,
600198,6416,0,0,0,,
600199,6428,0,0,0,,
600201,6348,4,0,0,2006-07-12,
600202,6340,0,0,0,,
600203,6421,0,0,0,,
600206,6294,1,0,0,2006-04-17,
600207,6413,0,0,0,,
600208,6411,0,0,0,,
600210,6349,0,0,0,,
600211,6196,0,0,0,,
600212,6039,0,0,0,,
600215,6250,0,0,0,,
600216,6357,1,0,0,2006-03-08,
600217,6247,0,0,0,,
600218,6346,0,0,0,,
600219,6323,0,0,0,,
600221,6287,0,0,0,,
600222,6424,0,0,0,,
600223,6276,0,0,0,,
600226,5984,0,0,0,,
600227,6241,0,0,0,,
600228,6212,0,0,0,,
600229,6197,0,0,0,,
600230,6256,1,0,0,2006-04-07,
600231,6219,1,0,0,2002-01-28,
600232,6119,0,0,0,,
600233,6235,0,0,0,,
600234,6263,0,0,0,,
600235,6332,0,0,0,,
600236,6190,1,0,0,2006-07-06,
600237,6249,0,0,0,,
600238,6354,0,0,0,,
600239,6195,10,0,0,2018-10-15,
600241,6127,0,0,0,,
600243,6165,0,0,0,,
600246,6112,0,0,0,,
600248,5645,3,0,0,2008-12-26,
600249,5462,0,0,0,,
600250,6115,0,0,0,,
600251,5521,6,0,0,2006-05-26,
600252,6092,25,0,1,2008-11-14,
600255,5957,1,0,0,2020-04-27,
600256,6315,0,0,0,,
600257,6177,0,0,0,,
600258,6144,18,0,0,2022-04-12,
600259,6233,0,0,0,,
600261,6257,1,0,0,2001-10-23,
600262,6257,0,0,0,,
600265,6182,0,0,0,,
600266,6353,0,0,0,,
600267,6192,0,0,0,,
600268,6327,3,0,0,2018-12-26,
600269,6258,0,0,0,,
600271,5406,2,0,0,2006-05-16,
600272,6163,0,0,0,,
600273,5349,0,0,0,,
600276,6242,0,0,0,,
600278,6205,1,0,0,2005-08-15,
600279,6170,0,0,0,,
600280,6187,0,0,0,,
600281,6203,0,0,0,,
600282,6231,0,0,0,,
600283,6179,2,0,0,2006-12-27,
600284,5320,0,0,0,,
600285,6149,1,0,0,2005-08-31,
600287,6187,1,0,0,2006-04-12,
600288,6217,0,0,0,,
600289,6087,0,0,0,,
600292,6221,0,0,0,,
600293,6111,0,0,0,,
600295,6107,0,0,0,,
600298,6281,0,0,0,,
600299,6348,0,0,0,,
600300,6224,0,0,0,,
600301,6225,0,0,0,,
600302,6202,0,0,0,,
600303,6126,0,0,0,,
600305,6115,2,0,0,2008-09-19,
600307,6201,0,0,0,,
600308,6191,1,0,0,2005-11-14,
600309,6054,0,0,0,,
600310,6082,2,0,0,2006-08-03,
600312,6077,0,0,0,,
600313,6173,0,0,0,,
600315,6097,4,0,0,2020-04-22,
600316,6201,0,0,0,,
600318,5783,0,0,0,,
600319,5865,0,0,0,,
600320,6202,26,0,0,2023-02-20,
600322,6021,0,0,0,,
600323,6068,1,0,0,2006-05-23,
600325,5357,1,0,0,2006-06-29,
600326,6114,3,0,0,2006-11-13,
600327,5779,0,0,0,,
600328,5926,1,0,0,2006-04-18,
600329,6089,0,0,0,,
600330,6062,5,0,0,2018-10-11,
600331,5865,0,0,0,,
600332,6124,0,0,0,,
600333,6177,0,0,0,,
600335,6011,42,0,0,2022-06-08,
600336,6109,0,0,0,,
600337,6089,1,0,0,2004-04-01,
600338,5753,0,0,0,,
600339,6040,0,0,0,,
600340,5446,25,0,0,2020-07-06,
600343,5648,0,0,0,,
600345,6090,1,0,0,2006-08-10,
600346,5832,0,0,0,,
600348,5562,1,0,0,2015-01-05,
600350,5899,0,0,0,,
600351,5693,0,0,0,,
600352,5561,1,0,0,2015-01-05,
600353,5592,2,0,0,2006-12-27,
600354,5430,0,0,0,,
600356,5999,0,0,0,,
600358,5998,0,0,0,,
600359,6400,0,0,0,,
600360,6131,0,0,0,,
600361,5882,0,0,0,,
600362,5937,1,0,0,2015-01-05,
600363,6042,0,0,0,,
600365,6033,0,0,0,,
600366,6131,1,0,0,2003-09-24,
600367,6146,2,0,0,2015-07-09,
600368,6127,4,0,0,2008-12-19,
600369,6183,0,0,0,,
600370,5543,2,0,0,2006-12-21,
600371,5678,0,0,0,,
600372,6044,0,0,0,,
600373,5672,5,0,0,2008-11-19,
600375,5433,0,0,0,,
600376,6014,2,0,0,2006-07-18,
600377,6180,0,0,0,,
600378,6024,0,0,0,,
600379,5494,2,0,0,2007-11-05,
600380,6050,1,0,0,2015-01-05,
600381,6008,0,0,0,,
600382,6083,1,0,0,2001-10-23,
600383,5994,3,0,0,2006-10-24,
600386,6068,1,0,0,2006-04-05,
600388,6119,2,0,0,2006-05-15,
600389,5983,0,0,0,,
600390,6056,0,0,0,,
600391,5965,0,0,0,,
600392,5535,1,0,0,2015-01-05,
600395,5966,2,0,0,2006-05-15,
600396,6135,0,0,0,,
600397,5785,0,0,0,,
600398,6182,0,0,0,,
600399,5982,0,0,0,,
600400,6009,7,0,0,2009-08-26,
600403,5361,1,0,0,2006-07-12,
600405,5398,0,0,0,,
600406,5418,0,0,0,,
600408,5465,0,0,0,,
600409,5514,0,0,0,,
600410,5354,0,0,0,,
600415,5868,0,0,0,,
600416,5786,0,0,0,,
600418,5864,0,0,0,,
600419,6071,2,0,0,2020-05-18,
600420,5205,2,0,0,2006-04-04,
600422,6108,0,0,0,,
600423,5379,1,0,0,2018-12-26,
600425,5510,4,0,0,2006-06-07,
600426,5839,2,0,0,2026-06-18,
600428,5723,0,0,0,,
600429,5453,0,0,0,,
600433,5286,6,0,0,2008-11-17,
600435,5595,0,0,0,,
600436,5604,0,0,0,,
600438,5286,0,0,0,,
600439,5540,0,0,0,,
600444,5444,14,0,0,2022-04-29,
600446,5375,0,0,0,,
600448,5989,0,0,0,,
600449,5433,1,0,0,2005-04-27,
600452,5321,8,0,1,2008-09-19,
600455,5248,0,0,0,,
600456,5843,1,0,0,2005-12-30,
600458,5546,3,0,0,2006-03-27,
600459,5624,1,0,0,2022-12-27,
600460,5587,0,0,0,,
600461,5189,1,0,0,2006-04-12,
600463,5414,0,0,0,,
600467,5414,3,0,0,2015-12-14,
600468,5906,6,0,0,2021-01-19,
600469,5297,0,0,0,,
600470,5428,0,0,0,,
600475,5398,0,0,0,,
600476,5486,0,0,0,,
600477,5396,10,0,0,2008-10-29,
600478,5501,0,0,0,,
600479,5367,1,0,0,2006-01-12,
600480,5359,0,0,0,,
600481,5460,8,0,0,2009-03-18,
600482,5224,0,0,0,,
600483,5338,0,0,0,,
600486,5875,0,0,0,,
600487,5385,1,0,0,2005-08-08,
600488,5938,1,0,0,2005-10-24,
600489,5548,0,0,0,,
600490,5229,0,0,0,,
600491,5374,6,0,0,2016-02-04,
600493,5346,0,0,0,,
600495,5387,0,0,0,,
600496,5763,5,0,0,2008-11-17,
600497,5366,0,0,0,,
600498,6028,0,0,0,,
600499,5652,0,0,0,,
600500,6306,1,0,0,2005-08-12,
600501,6090,0,0,0,,
600502,5462,7,0,0,2009-07-03,
600503,5770,0,0,0,,
600505,5865,3,0,0,2018-07-31,
600506,5879,0,0,0,,
600507,5430,9,0,0,2010-07-21,
600508,5993,0,0,0,,
600509,5831,2,0,0,2006-05-15,
600510,5737,0,0,0,,
600511,5617,0,0,0,,
600512,5597,0,0,0,,
600513,5589,0,0,0,,
600515,5531,0,0,0,,
600516,5747,0,0,0,,
600517,5514,0,0,0,,
600518,6102,3,0,0,2015-03-05,
600519,6036,0,0,0,,
600520,5881,0,0,0,,
600521,5663,0,0,0,,
600522,5691,0,0,0,,
600523,5817,4,0,0,2006-09-14,
600525,5589,0,0,0,,
600526,5791,0,0,0,,
600527,5454,5,0,0,2006-10-24,
600528,5974,0,0,0,,
600529,5774,0,0,0,,
600530,5861,0,0,0,,
600531,5749,0,0,0,,
600533,5728,0,0,0,,
600535,5798,0,0,0,,
600536,5866,0,0,0,,
600537,5576,0,0,0,,
600538,5593,0,0,0,,
600539,5791,0,0,0,,
600540,5402,0,0,0,,
600543,5400,0,0,0,,
600545,5377,7,0,0,2016-11-22,
600546,5527,1,0,0,2015-01-05,
600547,5521,0,0,0,,
600548,5900,1,0,0,2006-01-09,
600549,5752,0,0,0,,
600550,6140,0,0,0,,
600551,5576,1,0,0,2006-07-04,
600552,5428,4,0,0,2007-01-12,
600556,5754,0,0,0,,
600557,5782,4,0,0,2021-07-01,
600558,6014,1,0,0,2005-09-05,
600559,5463,2,0,0,2008-11-17,
600560,5786,9,0,0,2020-02-03,
600561,5756,0,0,0,,
600562,5665,0,0,0,,
600563,5729,0,0,0,,
600566,6035,0,0,0,,
600567,5840,1,0,0,2006-05-18,
600568,5834,0,0,0,,
600569,5904,2,0,0,2019-11-25,
600570,5477,0,0,0,,
600571,5549,1,0,0,2008-10-27,
600572,5198,4,0,0,2007-02-27,
600573,5646,0,0,0,,
600575,5255,5,0,0,2009-04-15,
600576,5461,0,0,0,,
600577,5497,6,0,0,2009-08-20,
600578,5789,0,0,0,,
600579,5660,0,0,0,,
600580,5716,1,0,0,2005-08-08,
600581,5647,0,0,0,,
600582,5863,0,0,0,,
600583,5928,0,0,0,,
600584,5457,0,0,0,,
600585,5926,0,0,0,,
600586,5739,1,0,0,2006-01-10,
600587,5725,32,0,0,2023-05-12,
600588,6101,0,0,0,,
600589,5934,0,0,0,,
600590,5650,1,0,0,2015-07-16,
600592,5701,0,0,0,,
600593,5758,0,0,0,,
600594,5423,15,0,0,2020-06-15,
600595,5779,0,0,0,,
600596,5954,1,0,0,2006-04-11,
600597,5645,0,0,0,,
600598,5893,0,0,0,,
600600,6429,0,0,0,,
600601,6423,0,0,0,,
600602,6270,0,0,0,,
600603,5978,0,0,0,,
600604,6409,0,0,0,,
600605,6290,0,0,0,,
600606,6403,0,0,0,,
600609,6217,0,0,0,,
600610,5950,1,0,0,2020-08-17,
600611,6376,2,0,0,2006-10-13,
600612,6343,1,0,0,2006-02-08,
600613,6122,2,0,0,2006-07-28,
600615,6419,0,0,0,,
600616,6349,1,0,0,2000-01-06,
600617,6434,4,0,0,2020-08-05,
600618,6372,1,0,0,2006-01-11,
600619,6295,0,0,0,,
600620,6353,3,0,0,2015-07-14,
600621,6311,0,0,0,,
600622,6348,1,0,0,2006-06-07,
600623,6268,1,0,0,2006-05-22,
600624,6424,0,0,0,,
600626,6383,1,0,0,2015-01-08,
600628,6345,1,0,0,2006-03-30,
600629,5662,1,0,0,2007-10-26,
600630,6432,0,0,0,,
600633,5407,5,0,0,2011-09-29,
600635,6334,4,0,0,2007-02-13,
600637,6406,0,0,0,,
600638,6369,0,0,0,,
600639,6329,1,0,0,2006-01-12,
600640,6339,0,0,0,,
600641,6125,1,0,0,2006-07-26,
600642,6375,0,0,0,,
600643,6232,22,0,0,2020-02-03,
600644,6427,0,0,0,,
600645,6109,0,0,0,,
600648,6244,1,0,0,2006-02-16,
600649,5970,0,0,0,,
600650,6356,0,0,0,,
600651,6344,0,0,0,,
600653,6253,0,0,0,,
600654,5998,0,0,0,,
600655,6192,0,0,0,,
600657,6301,27,0,0,2020-04-29,
600658,6331,0,0,0,,
600660,6429,0,0,0,,
600661,6415,0,0,0,,
600662,6296,0,0,0,,
600663,6300,0,0,0,,
600664,6153,1,0,0,2008-09-04,
600665,6275,1,0,0,2006-05-11,
600666,6082,1,0,0,2018-06-22,
600667,6225,6,0,0,2009-03-03,
600668,6377,1,0,0,2006-08-07,
600671,6154,0,0,0,,
600673,5928,4,0,0,2008-11-14,
600674,6429,0,0,0,,
600675,6106,3,0,0,2005-12-19,
600676,6406,4,0,0,2015-08-28,
600678,6303,0,0,0,,
600679,6357,0,0,0,,
600681,5277,1,0,0,2011-09-08,
600682,6118,0,0,0,,
600683,6316,1,0,0,2006-07-04,
600684,6434,0,0,0,,
600685,6297,0,0,0,,
600686,6412,20,0,0,2024-02-05,
600688,6429,0,0,0,,
600689,6304,0,0,0,,
600690,6352,0,0,0,,
600691,6395,1,0,0,2015-07-09,
600692,6434,0,0,0,,
600693,6343,3,0,0,2006-08-30,
600694,6306,0,0,0,,
600697,6364,0,0,0,,
600698,6430,0,0,0,,
600699,6335,0,0,0,,
600702,6331,1,0,0,2006-04-06,
600703,6050,13,0,1,2008-07-08,
600704,6422,0,0,0,,
600706,6419,0,0,0,,
600707,6340,0,0,0,,
600708,6320,1,0,0,2004-10-18,
600710,5919,3,0,0,2017-07-31,
600711,6347,0,0,0,,
600712,6434,0,0,0,,
600713,6347,1,0,0,2004-12-03,
600714,6343,4,0,0,2021-02-23,
600715,6264,4,0,0,2024-03-01,
600716,6165,0,0,0,,
600717,6351,0,0,0,,
600718,6353,1,0,0,2006-04-04,
600719,6279,0,0,0,,
600720,6325,2,0,0,2006-05-12,
600721,6285,0,0,0,,
600722,6354,0,0,0,,
600724,6258,0,0,0,,
600725,6130,0,0,0,,
600726,6423,0,0,0,,
600727,5907,1,0,0,2011-08-18,
600728,6396,0,0,0,,
600729,6095,1,0,0,2006-05-29,
600730,6421,0,0,0,,
600731,6345,0,0,0,,
600732,6046,8,0,0,2021-07-27,
600733,5933,1,0,0,2018-09-27,
600734,5963,5,0,0,2022-02-15,
600735,6157,3,0,0,2018-12-04,
600736,6251,1,0,0,2006-03-24,
600737,6414,0,0,0,,
600738,6215,0,0,0,,
600739,6215,1,0,0,2006-01-24,
600740,6218,2,0,0,2006-05-10,
600741,6401,0,0,0,,
600742,6378,1,0,0,2008-09-19,
600743,6421,7,0,0,2020-02-03,
600744,6413,0,0,0,,
600745,6081,0,0,0,,
600746,6290,1,0,0,2006-04-26,
600748,6405,28,0,0,2020-08-27,
600749,6269,0,0,0,,
600750,6277,1,0,0,2006-05-17,
600751,6146,0,0,0,,
600753,6206,0,0,0,,
600754,6356,0,0,0,,
600755,6368,2,0,0,2005-04-27,
600756,6323,0,0,0,,
600757,6012,1,0,0,2007-04-25,
600758,6411,4,0,0,2022-04-29,
600759,6120,0,0,0,,
600760,6347,0,0,0,,
600761,6385,2,0,0,2002-06-24,
600763,6273,0,0,0,,
600764,6174,0,0,0,,
600765,6393,0,0,0,,
600768,6125,0,0,0,,
600769,6401,0,0,0,,
600770,6347,0,0,0,,
600771,6337,0,0,0,,
600773,6318,0,0,0,,
600774,6414,0,0,0,,
600775,6418,0,0,0,,
600776,6375,2,0,0,2006-05-29,
600777,6213,0,0,0,,
600778,6335,0,0,0,,
600779,6363,0,0,0,,
600780,6433,14,0,0,2022-04-28,
600782,6255,2,0,0,2014-07-25,
600783,6192,0,0,0,,
600784,6268,18,0,0,2022-03-22,
600785,6349,30,0,0,2023-04-21,
600787,6340,1,0,0,2006-01-10,
600789,6368,1,0,0,2006-09-22,
600790,6203,3,0,0,2006-12-25,
600791,6432,0,0,0,,
600792,6427,1,0,0,2015-01-05,
600793,6252,0,0,0,,
600794,6175,10,0,0,2008-12-08,
600795,6365,0,0,0,,
600796,6134,0,0,0,,
600797,6293,0,0,0,,
600798,6193,0,0,0,,
600800,6304,0,0,0,,
600801,6426,0,0,0,,
600802,6381,0,0,0,,
600803,6366,0,0,0,,
600805,6434,0,0,0,,
600807,6164,0,0,0,,
600808,6429,0,0,0,,
600809,6417,0,0,0,,
600810,6297,0,0,0,,
600812,6424,5,0,0,2019-08-19,
600814,6255,0,0,0,,
600815,6424,0,0,0,,
600816,6360,0,0,0,,
600817,5984,32,0,0,2025-05-30,
600818,6345,0,0,0,,
600819,6240,1,0,0,2006-02-08,
600820,6429,0,0,0,,
600821,6307,0,0,0,,
600822,6288,0,0,0,,
600824,6424,6,0,0,2020-03-25,
600825,6369,0,0,0,,
600826,6359,3,0,0,2006-03-20,
600827,6262,0,0,0,,
600828,6145,5,0,0,2006-07-18,
600829,6171,0,0,0,,
600830,6433,0,0,0,,
600831,6419,0,0,0,,
600833,5976,7,0,0,2006-07-12,
600834,6351,2,0,0,2019-05-15,
600835,6369,1,0,0,2006-08-17,
600838,6393,1,0,0,2006-03-22,
600839,6430,14,0,0,2021-12-20,
600841,6423,0,0,0,,
600843,6324,0,0,0,,
600844,6321,0,0,0,,
600845,6424,0,0,0,,
600846,6373,0,0,0,,
600847,6239,0,0,0,,
600848,6262,0,0,0,,
600850,6202,0,0,0,,
600851,6348,1,0,0,2006-02-09,
600853,6240,1,0,0,2006-10-13,
600854,5991,1,0,0,2009-11-13,
600855,6303,0,0,0,,
600857,6412,0,0,0,,
600858,6343,0,0,0,,
600859,6168,1,0,0,2006-12-18,
600860,6292,0,0,0,,
600861,6357,0,0,0,,
600862,6424,0,0,0,,
600863,6411,0,0,0,,
600864,6196,4,0,0,2006-01-24,
600865,6287,1,0,0,2008-05-14,
600866,6133,0,0,0,,
600867,6334,2,0,0,2006-06-07,
600868,6425,0,0,0,,
600869,6352,0,0,0,,
600871,6397,0,0,0,,
600872,6292,1,0,0,2006-03-22,
600873,6308,0,0,0,,
600874,6427,62,0,0,2024-04-17,
600875,6353,0,0,0,,
600876,6305,0,0,0,,
600877,6183,0,0,0,,
600879,6335,0,0,0,,
600880,6264,0,0,0,,
600881,6424,1,0,0,2024-07-01,
600882,6245,0,0,0,,
600883,6386,1,0,0,2006-07-07,
600884,6408,0,0,0,,
600885,6429,0,0,0,,
600886,6369,0,0,0,,
600887,6405,0,0,0,,
600888,6298,4,0,0,2006-05-24,
600889,6404,0,0,0,,
600892,6365,0,0,0,,
600893,6394,0,0,0,,
600894,6304,1,0,0,2006-06-02,
600895,6377,1,0,0,2005-10-24,
600897,6389,0,0,0,,
600900,5385,0,0,0,,
600901,2033,0,0,0,,
600903,2102,13,0,0,2017-12-14,
600905,1236,0,0,0,,
600906,1260,0,0,0,,
600908,2380,0,0,0,,
600909,2327,0,0,0,,
600916,1321,0,0,0,,
600917,2864,0,0,0,,
600918,1484,0,0,0,,
600919,2410,0,0,0,,
600925,804,0,0,0,,
600926,2361,0,0,0,,
600927,1104,0,0,0,,
600928,1795,17,0,0,2023-05-11,
600929,2016,35,0,0,2022-07-28,
600930,243,1,0,0,2025-07-21,
600933,2098,29,0,0,2025-01-16,
600935,1128,0,0,0,,
600936,2412,0,0,0,,
600938,1027,0,0,0,,
600939,2289,10,0,0,2018-09-18,
600941,1096,0,0,0,,
600955,1173,0,0,0,,
600956,1473,0,0,0,,
600958,2730,0,0,0,,
600959,2630,7,0,0,2018-11-28,
600960,5229,0,0,0,,
600961,5306,0,0,0,,
600962,5317,0,0,0,,
600963,5228,0,0,0,,
600965,5141,0,0,0,,
600966,5274,0,0,0,,
600967,5237,0,0,0,,
600968,1712,0,0,0,,
600969,5415,3,0,0,2020-03-25,
600970,5111,0,0,0,,
600971,5258,1,0,0,2006-02-15,
600973,5170,1,0,0,2005-08-11,
600975,5211,1,0,0,2005-03-29,
600976,5332,1,0,0,2006-05-08,
600977,2411,0,0,0,,
600979,5136,0,0,0,,
600980,5386,4,0,0,2019-05-16,
600981,5142,2,0,0,2007-01-10,
600982,5206,1,0,0,2008-11-19,
600983,5108,1,0,0,2006-04-11,
600984,5339,0,0,0,,
600985,5280,0,0,0,,
600986,5293,0,0,0,,
600987,5232,4,0,0,2009-02-16,
600988,5304,0,0,0,,
600989,1740,0,0,0,,
600990,5257,0,0,0,,
600992,5395,0,0,0,,
600993,5359,0,0,0,,
600995,5281,0,0,0,,
600996,2322,0,0,0,,
600997,5267,1,0,0,2006-01-13,
600998,3804,0,0,0,,
600999,4035,0,0,0,,
601000,3812,0,0,0,,
601001,4785,1,0,0,2015-01-05,
601002,4735,35,0,0,2025-04-11,
601003,4526,1,0,0,2012-10-24,
601005,4347,0,0,0,,
601006,4850,0,0,0,,
601007,4672,0,0,0,,
601008,4657,0,0,0,,
601009,4609,0,0,0,,
601010,3664,52,0,0,2025-01-02,
601011,3723,0,0,0,,
601012,3454,0,0,0,,
601015,2839,1,0,0,2015-01-05,
601016,2850,0,0,0,,
601018,3699,0,0,0,,
601019,2098,0,0,0,,
601020,2498,3,0,0,2016-03-22,
601021,2766,0,0,0,,
601022,877,0,0,0,,
601026,187,1,0,0,2025-10-20,
601033,606,2,0,0,2024-04-17,
601038,3389,0,0,0,,
601058,3637,0,0,0,,
601059,819,0,0,0,,
601061,797,8,0,0,2025-04-07,
601065,797,4,0,0,2023-08-23,
601066,1959,0,0,0,,
601068,1912,0,0,0,,
601069,2673,8,0,0,2015-02-03,
601077,1629,0,0,0,,
601083,637,11,0,0,2026-04-01,
601086,2136,0,0,0,,
601088,4489,1,0,0,2015-01-05,
601089,986,2,0,0,2023-04-12,
601096,624,1,0,0,2023-12-25,
601098,3819,0,0,0,,
601099,4489,0,0,0,,
601100,3535,0,0,0,,
601101,3850,0,0,0,,
601106,3979,0,0,0,,
601107,4099,0,0,0,,
601108,2113,0,0,0,,
601111,4815,0,0,0,,
601112,110,1,0,0,2026-01-30,
601113,3612,0,0,0,,
601116,3722,0,0,0,,
601117,4008,0,0,0,,
601118,3644,0,0,0,,
601121,813,5,0,0,2024-04-11,
601126,3767,0,0,0,,
601127,2425,0,0,0,,
601128,2375,0,0,0,,
601133,794,3,0,0,2024-02-08,
601136,862,0,0,0,,
601137,3695,0,0,0,,
601138,1966,0,0,0,,
601139,4018,0,0,0,,
601155,2567,0,0,0,,
601156,1237,0,0,0,,
601158,3948,0,0,0,,
601162,1872,0,0,0,,
601163,2393,13,0,0,2025-04-07,
601166,4719,0,0,0,,
601168,4410,0,0,0,,
601169,4533,0,0,0,,
601177,3834,6,0,0,2018-11-13,
601179,3996,0,0,0,,
601186,4461,0,0,0,,
601187,1393,12,0,0,2021-06-25,
601188,3960,0,0,0,,
601198,2741,0,0,0,,
601199,3697,0,0,0,,
601200,2261,7,0,0,2020-02-07,
601208,3678,0,0,0,,
601211,2667,0,0,0,,
601212,2245,0,0,0,,
601216,3647,0,0,0,,
601218,3680,0,0,0,,
601222,3614,0,0,0,,
601225,3029,1,0,0,2015-01-05,
601226,2821,15,0,0,2022-07-26,
601228,2258,0,0,0,,
601229,2347,0,0,0,,
601231,3487,0,0,0,,
601233,3675,0,0,0,,
601236,1699,0,0,0,,
601238,3462,0,0,0,,
601279,1278,0,0,0,,
601288,3886,0,0,0,,
601298,1808,0,0,0,,
601311,3653,0,0,0,,
601318,4711,0,0,0,,
601319,1858,0,0,0,,
601326,2168,28,0,0,2023-05-10,
601328,4663,0,0,0,,
601330,1970,0,0,0,,
601333,4747,0,0,0,,
601336,3514,0,0,0,,
601339,3428,0,0,0,,
601360,3396,0,0,0,,
601366,2250,12,0,0,2020-08-10,
601368,2694,0,0,0,,
601369,3889,0,0,0,,
601375,2319,5,0,0,2017-02-08,
601377,3812,0,0,0,,
601388,3309,1,0,0,2020-11-16,
601390,4438,0,0,0,,
601398,4792,0,0,0,,
601399,1480,0,0,0,,
601456,1424,0,0,0,,
601500,2382,16,0,0,2020-02-03,
601512,1596,7,0,0,2024-04-29,
601515,3494,0,0,0,,
601518,3920,0,0,0,,
601519,3732,0,0,0,,
601528,1231,11,0,0,2024-10-09,
601555,3515,0,0,0,,
601566,3664,0,0,0,,
601567,3643,0,0,0,,
601568,1398,0,0,0,,
601577,1890,0,0,0,,
601579,2872,0,0,0,,
601588,4781,0,0,0,,
601595,2410,6,0,0,2016-08-25,
601598,1815,0,0,0,,
601599,3594,3,0,0,2015-09-16,
601600,4560,0,0,0,,
601601,4508,0,0,0,,
601606,1931,0,0,0,,
601607,6429,0,0,0,,
601608,3257,0,0,0,,
601609,1516,10,0,0,2021-11-18,
601611,2454,0,0,0,,
601615,1804,0,0,0,,
601616,3742,0,0,0,,
601618,4010,0,0,0,,
601619,2058,0,0,0,,
601628,4743,0,0,0,,
601633,3569,0,0,0,,
601636,3615,0,0,0,,
601658,1599,0,0,0,,
601665,1231,0,0,0,,
601666,4773,1,0,0,2015-01-05,
601668,4120,0,0,0,,
601669,3567,0,0,0,,
601677,3599,0,0,0,,
601678,3979,0,0,0,,
601686,1365,2,0,0,2025-10-20,
601688,3980,0,0,0,,
601689,2744,0,0,0,,
601696,1550,0,0,0,,
601698,1710,0,0,0,,
601699,4793,1,0,0,2015-01-05,
601700,3554,0,0,0,,
601702,1423,37,0,0,2023-07-03,
601717,3673,0,0,0,,
601718,3858,2,0,0,2018-02-06,
601727,4017,0,0,0,,
601728,1186,0,0,0,,
601766,4312,0,0,0,,
601777,3773,0,0,0,,
601778,1500,0,0,0,,
601788,4104,0,0,0,,
601789,3438,0,0,0,,
601798,3603,0,0,0,,
601799,3734,0,0,0,,
601800,3486,0,0,0,,
601801,3980,0,0,0,,
601808,4565,0,0,0,,
601811,2417,0,0,0,,
601816,1573,0,0,0,,
601818,3851,0,0,0,,
601825,1187,0,0,0,,
601827,1487,5,0,0,2022-03-15,
601828,2058,7,0,0,2019-05-16,
601838,2049,0,0,0,,
601857,4544,1,0,0,2015-01-05,
601858,2308,0,0,0,,
601860,1831,0,0,0,,
601865,1800,0,0,0,,
601866,4409,0,0,0,,
601868,1161,0,0,0,,
601869,1937,0,0,0,,
601872,4667,0,0,0,,
601877,3864,0,0,0,,
601878,2200,0,0,0,,
601880,3775,1,0,0,2016-03-25,
601881,2300,0,0,0,,
601882,2356,0,0,0,,
601886,3590,0,0,0,,
601888,4014,0,0,0,,
601890,3775,0,0,0,,
601898,4482,0,0,0,,
601899,4398,0,0,0,,
601900,2420,0,0,0,,
601901,3612,0,0,0,,
601908,3603,5,0,0,2019-05-16,
601916,1603,0,0,0,,
601918,4364,0,0,0,,
601919,4490,0,0,0,,
601921,1211,0,0,0,,
601928,3549,0,0,0,,
601929,3495,0,0,0,,
601933,3766,0,0,0,,
601939,4568,0,0,0,,
601949,2165,0,0,0,,
601952,2233,23,0,0,2022-05-16,
601956,1350,0,0,0,,
601958,4434,0,0,0,,
601963,1321,1,0,0,2021-02-08,
601965,3421,0,0,0,,
601966,2416,0,0,0,,
601968,2680,0,0,0,,
601969,2774,25,0,0,2022-12-28,
601975,1827,0,0,0,,
601985,2697,0,0,0,,
601988,4869,0,0,0,,
601990,1963,0,0,0,,
601991,4744,0,0,0,,
601992,3713,2,0,0,2026-01-22,
601995,1364,0,0,0,,
601996,3494,0,0,0,,
601997,2406,0,0,0,,
601998,4668,0,0,0,,
601999,4409,0,0,0,,
603000,3454,0,0,0,,
603001,3425,0,0,0,,
603002,3419,0,0,0,,
603004,621,1,0,0,2023-12-29,
603005,3027,27,0,0,2020-01-02,
603006,2866,0,0,0,,
603007,2380,0,0,0,,
603008,3316,0,0,0,,
603009,2841,0,0,0,,
603010,2573,0,0,0,,
603011,2749,0,0,0,,
603012,2753,0,0,0,,
603013,1993,0,0,0,,
603014,279,0,0,0,,
603015,2760,0,0,0,,
603016,2264,0,0,0,,
603017,2740,0,0,0,,
603018,2804,0,0,0,,
603019,2816,0,0,0,,
603020,2755,0,0,0,,
603021,2632,1,0,0,2015-04-24,
603022,2716,2,0,0,2015-05-20,
603023,2688,0,0,0,,
603025,2699,0,0,0,,
603026,2709,0,0,0,,
603027,2522,0,0,0,,
603028,2485,2,0,0,2016-04-05,
603029,2437,35,0,0,2022-11-02,
603030,2740,0,0,0,,
603031,2399,22,0,0,2019-12-31,
603032,2162,1,0,0,2017-01-06,
603033,2263,12,0,0,2018-10-11,
603035,2317,0,0,0,,
603036,2330,0,0,0,,
603037,2301,0,0,0,,
603038,2307,12,0,0,2021-01-18,
603039,2242,14,0,0,2017-02-09,
603040,2296,48,0,0,2025-05-06,
603041,2262,0,0,0,,
603042,2214,0,0,0,,
603043,2204,14,0,0,2024-09-26,
603045,1976,4,0,0,2018-05-23,
603048,1136,0,0,0,,
603049,272,0,0,0,,
603050,2252,63,0,0,2024-03-20,
603051,1049,0,0,0,,
603052,919,0,0,0,,
603053,1599,12,0,0,2024-10-16,
603055,2142,36,0,0,2024-05-13,
603057,925,7,0,0,2023-10-27,
603058,2313,0,0,0,,
603059,2037,7,0,0,2021-05-31,
603060,2357,0,0,0,,
603061,822,0,0,0,,
603062,657,7,0,0,2025-04-07,
603063,2181,16,0,0,2020-10-12,
603065,810,1,0,0,2024-08-09,
603066,2618,0,0,0,,
603067,2378,0,0,0,,
603068,1765,0,0,0,,
603069,2418,0,0,0,,
603070,1060,0,0,0,,
603071,1114,8,0,0,2025-04-07,
603072,375,1,0,0,2025-01-06,
603073,813,2,0,0,2023-05-25,
603075,692,5,0,0,2025-04-07,
603076,2110,11,0,0,2020-02-03,
603077,3362,1,0,0,2021-07-22,
603078,2250,15,0,0,2019-07-24,
603079,2125,11,0,0,2019-04-23,
603080,2072,0,0,0,,
603081,2249,17,0,0,2021-11-19,
603082,593,7,0,0,2024-04-12,
603083,2111,31,0,0,2023-02-09,
603085,2668,1,0,0,2015-07-01,
603086,2235,0,0,0,,
603087,1468,0,0,0,,
603088,2827,0,0,0,,
603089,2302,41,0,0,2022-04-29,
603090,2344,40,0,0,2024-02-21,
603091,444,1,0,0,2024-09-30,
603092,167,0,0,0,,
603093,1670,0,0,0,,
603095,1521,0,0,0,,
603096,2246,28,0,0,2025-04-07,
603097,1020,2,0,0,2022-05-17,
603098,2329,16,0,0,2020-02-03,
603099,2895,2,0,0,2015-07-10,
603100,2870,0,0,0,,
603101,2481,0,0,0,,
603102,1087,5,0,0,2023-01-03,
603103,2132,1,0,0,2017-10-13,
603105,1951,0,0,0,,
603106,2142,0,0,0,,
603107,661,3,0,0,2024-04-11,
603108,2575,0,0,0,,
603109,1589,40,0,0,2024-03-05,
603110,2129,32,0,0,2020-02-03,
603111,2719,0,0,0,,
603112,1415,0,0,0,,
603113,2235,31,0,0,2025-04-28,
603115,1685,0,0,0,,
603116,2687,0,0,0,,
603117,2674,3,0,0,2018-02-08,
603118,2738,0,0,0,,
603119,716,1,0,0,2023-08-03,
603120,309,1,0,0,2025-04-18,
603121,1815,38,0,0,2024-09-30,
603122,1073,7,0,0,2022-02-25,
603123,3446,12,0,0,2016-03-16,
603124,327,2,0,0,2025-03-24,
603125,797,1,0,0,2023-04-11,
603126,2851,0,0,0,,
603127,2161,0,0,0,,
603128,3323,0,0,0,,
603129,2161,0,0,0,,
603130,891,0,0,0,,
603131,2370,10,0,0,2016-06-24,
603132,1072,15,0,0,2025-04-07,
603135,797,1,0,0,2023-04-11,
603136,2138,33,0,0,2024-04-16,
603137,780,1,0,0,2023-04-20,
603138,2280,1,0,0,2017-03-07,
603139,2246,0,0,0,,
603150,1088,0,0,0,,
603151,905,4,0,0,2024-02-05,
603153,816,0,0,0,,
603155,1427,0,0,0,,
603156,2041,0,0,0,,
603158,2719,0,0,0,,
603159,2406,19,0,0,2020-02-03,
603160,2359,0,0,0,,
603161,2057,0,0,0,,
603162,804,0,0,0,,
603163,917,14,0,0,2025-05-20,
603165,2308,62,0,0,2026-03-24,
603166,2829,0,0,0,,
603167,3368,0,0,0,,
603168,2906,0,0,0,,
603169,2773,0,0,0,,
603170,975,14,0,0,2024-01-30,
603171,1228,2,0,0,2021-07-02,
603172,778,1,0,0,2023-05-11,
603173,846,12,0,0,2025-04-22,
603175,177,1,0,0,2025-10-29,
603176,1103,1,0,0,2022-01-04,
603177,2294,1,0,0,2017-02-08,
603178,2264,15,0,0,2021-05-18,
603179,2266,0,0,0,,
603180,2234,29,0,0,2023-04-18,
603181,2162,25,0,0,2021-06-30,
603182,930,0,0,0,,
603183,2148,20,0,0,2021-01-25,
603185,1833,0,0,0,,
603186,2319,28,0,0,2019-03-11,
603187,1854,0,0,0,,
603188,2799,3,0,0,2016-01-07,
603189,2388,9,0,0,2019-05-22,
603190,832,2,0,0,2024-02-05,
603191,1027,0,0,0,,
603192,1915,23,0,0,2024-08-20,
603193,672,3,0,0,2024-02-05,
603194,382,1,0,0,2024-12-25,
603195,1569,9,0,0,2021-04-29,
603196,2203,0,0,0,,
603197,2229,38,0,0,2023-05-10,
603198,2711,0,0,0,,
603199,2754,0,0,0,,
603200,2222,8,0,0,2018-05-21,
603201,965,0,0,0,,
603202,303,0,0,0,,
603203,2358,0,0,0,,
603205,415,2,0,1,2024-11-11,
603206,1024,0,0,0,,
603207,461,7,0,0,2025-04-07,
603208,2296,64,0,0,2024-04-25,
603209,1050,4,0,0,2022-05-23,
603210,314,1,0,0,2025-04-11,
603211,969,0,0,0,,
603212,1510,0,0,0,,
603213,1130,0,0,0,,
603214,2017,0,0,0,,
603215,1074,0,0,0,,
603216,1106,7,0,0,2024-04-03,
603217,1721,22,0,0,2024-05-09,
603218,2322,0,0,0,,
603219,1132,0,0,0,,
603220,1864,15,0,0,2021-07-28,
603221,1537,1,0,0,2024-02-08,
603222,2722,3,0,0,2015-03-02,
603223,2676,0,0,0,,
603225,2246,0,0,0,,
603226,2206,1,0,0,2017-06-16,
603227,2661,0,0,0,,
603228,2316,17,0,0,2025-01-09,
603229,2237,0,0,0,,
603230,1108,0,0,0,,
603231,629,1,0,0,2023-12-18,
603232,2248,9,0,0,2018-10-11,
603233,2175,0,0,0,,
603235,978,2,0,0,2024-04-22,
603236,1703,0,0,0,,
603237,942,7,0,0,2025-04-21,
603238,2218,0,0,0,,
603239,2319,36,0,0,2024-02-08,
603248,140,1,0,0,2025-12-24,
603255,951,0,0,0,,
603256,1695,0,0,0,,
603257,315,2,0,0,2025-04-11,
603258,2367,43,0,0,2022-05-06,
603259,1989,0,0,0,,
603260,2115,0,0,0,,
603261,1055,0,0,0,,
603262,243,0,0,0,,
603266,2314,39,0,0,2022-05-11,
603267,1746,10,0,0,2020-03-23,
603268,2620,0,0,0,,
603269,2225,0,0,0,,
603270,698,1,0,0,2023-09-07,
603271,334,0,0,0,,
603272,1013,0,0,0,,
603273,668,4,0,2,2023-10-27,
603275,705,2,0,0,2023-08-25,
603276,682,1,0,0,2023-09-26,
603277,2150,0,0,0,,
603278,2110,0,0,0,,
603279,1694,0,0,0,,
603280,899,3,0,0,2024-02-08,
603281,845,5,0,0,2025-04-11,
603282,814,0,0,0,,
603283,2074,0,0,0,,
603284,107,0,0,0,,
603285,497,2,0,0,2024-07-10,
603286,2185,0,0,0,,
603288,3024,0,0,0,,
603289,2119,0,0,0,,
603290,1566,0,0,0,,
603291,806,6,0,0,2023-04-28,
603293,67,0,0,0,,
603296,711,0,0,0,,
603297,1906,25,0,0,2022-05-11,
603298,2318,0,0,0,,
603299,2443,0,0,0,,
603300,2687,9,0,0,2020-07-02,
603301,2010,0,0,0,,
603303,2262,0,0,0,,
603305,2188,36,0,0,2024-10-28,
603306,2836,0,0,0,,
603307,833,10,0,0,2024-08-22,
603308,2965,0,0,0,,
603309,2703,0,0,0,,
603310,469,2,0,0,2024-10-08,
603311,2709,0,0,0,,
603312,611,1,0,0,2024-01-12,
603313,2376,8,0,0,2018-09-21,
603315,2642,10,0,0,2019-01-28,
603316,2210,0,0,0,,
603317,1764,0,0,0,,
603318,2555,9,0,0,2015-05-12,
603319,2342,0,0,0,,
603320,2242,0,0,0,,
603321,2146,34,0,0,2024-05-06,
603322,2399,0,0,0,,
603323,2343,23,0,0,2020-12-01,
603324,1284,0,0,0,,
603325,612,1,0,0,2024-05-15,
603326,2210,0,0,0,,
603327,1740,0,0,0,,
603328,2929,0,0,0,,
603329,2070,32,0,0,2022-05-10,
603330,2278,17,0,0,2020-04-15,
603331,2198,0,0,0,,
603332,1821,0,0,0,,
603333,3411,0,0,0,,
603334,174,1,0,0,2025-11-06,
603335,2209,1,0,0,2017-06-21,
603336,2329,5,0,0,2016-12-05,
603337,2307,15,0,0,2024-04-30,
603338,2737,0,0,0,,
603339,2471,28,0,0,2024-02-08,
603341,576,0,0,0,,
603344,568,2,0,1,2024-03-22,
603345,2244,0,0,0,,
603348,1999,3,0,0,2019-11-06,
603350,499,2,0,1,2024-07-05,
603351,1812,27,0,0,2022-11-22,
603352,125,1,0,0,2026-01-16,
603353,1527,13,0,0,2022-06-14,
603355,2722,0,0,0,,
603356,2049,0,0,0,,
603357,2179,34,0,0,2024-04-18,
603358,2298,0,0,0,,
603359,2145,2,0,0,2017-09-05,
603360,2300,46,0,0,2024-05-20,
603363,2137,2,0,0,2017-09-29,
603365,2105,0,0,0,,
603366,3443,0,0,0,,
603367,2136,0,0,0,,
603368,2814,0,0,0,,
603369,2923,0,0,0,,
603370,211,0,0,0,,
603373,626,3,0,0,2024-04-16,
603375,602,1,0,0,2024-01-30,
603376,173,1,0,0,2025-11-07,
603377,2496,4,0,0,2016-02-18,
603378,2136,14,0,0,2019-05-06,
603379,1768,0,0,0,,
603380,2207,38,0,0,2025-04-08,
603381,504,1,0,0,2024-06-27,
603382,272,1,0,0,2025-06-13,
603383,2226,0,0,0,,
603385,2260,0,0,0,,
603386,2061,44,0,0,2021-04-14,
603387,2190,25,0,0,2022-12-12,
603389,2296,0,0,0,,
603390,1615,0,0,0,,
603391,479,2,0,0,2024-09-30,
603392,1506,0,0,0,,
603393,2330,0,0,0,,
603395,402,1,0,0,2024-11-27,
603396,2128,27,0,0,2020-06-16,
603398,2458,1,0,0,2015-12-10,
603399,3177,32,0,0,2022-01-11,
603400,266,3,0,1,2025-06-26,
603402,132,0,0,0,,
603406,231,0,0,0,,
603407,53,0,0,0,,
603408,1450,11,0,0,2025-04-07,
603409,339,1,0,0,2025-03-05,
603416,2327,36,0,0,2025-02-19,
603418,199,0,0,0,,
603421,2378,2,0,0,2018-06-19,
603429,2254,20,0,0,2018-07-03,
603435,44,3,0,0,2026-05-27,
603439,1512,21,0,0,2023-01-04,
603444,2313,0,0,0,,
603456,2828,0,0,0,,
603458,2171,9,0,0,2021-11-16,
603459,73,2,0,0,2026-04-13,
603466,2125,38,0,0,2022-06-16,
603477,2074,9,0,0,2019-03-27,
603486,1975,0,0,0,,
603488,2216,0,0,0,,
603489,1625,13,0,0,2023-06-20,
603496,2209,4,0,0,2017-06-13,
603499,2129,27,0,0,2024-02-19,
603500,2155,0,0,0,,
603501,2064,0,0,0,,
603505,2241,42,0,0,2022-05-30,
603506,2053,0,0,0,,
603507,2110,25,0,0,2024-04-22,
603508,2476,0,0,0,,
603511,1249,0,0,0,,
603515,2408,16,0,0,2025-04-07,
603516,2052,0,0,0,,
603517,2270,12,0,0,2024-09-26,
603518,2692,53,0,0,2025-04-07,
603519,2665,0,0,0,,
603520,2395,0,0,0,,
603527,2152,45,0,0,2024-02-05,
603528,2482,11,0,0,2018-10-19,
603529,1234,0,0,0,,
603530,1689,0,0,0,,
603533,2140,10,0,0,2017-10-12,
603535,2174,3,0,0,2020-04-14,
603536,2214,2,0,0,2017-06-16,
603538,2185,12,0,0,2019-01-16,
603551,1579,0,0,0,,
603556,2356,0,0,0,,
603557,2154,1,0,0,2019-09-30,
603558,2689,0,0,0,,
603559,2258,0,0,0,,
603565,1404,0,0,0,,
603566,2714,0,0,0,,
603567,2719,0,0,0,,
603568,2706,0,0,0,,
603569,2415,0,0,0,,
603577,2326,29,0,0,2020-04-27,
603578,2268,15,0,0,2022-04-29,
603579,2313,0,0,0,,
603580,2218,9,0,0,2019-05-07,
603583,1897,0,0,0,,
603585,2332,12,0,0,2022-07-07,
603586,2259,0,0,0,,
603587,1962,8,0,0,2021-02-19,
603588,2707,0,0,0,,
603589,2685,0,0,0,,
603590,1916,12,0,0,2024-02-08,
603595,2192,0,0,0,,
603596,1994,0,0,0,,
603598,2531,0,0,0,,
603599,2716,0,0,0,,
603600,2781,0,0,0,,
603601,2737,0,0,0,,
603602,2110,0,0,0,,
603605,2103,0,0,0,,
603606,2849,0,0,0,,
603607,2122,0,0,0,,
603608,2449,19,0,0,2019-12-27,
603609,2893,0,0,0,,
603610,1634,18,0,0,2024-04-19,
603611,2707,0,0,0,,
603612,2178,0,0,0,,
603613,1693,12,0,0,2019-09-04,
603615,2295,20,0,0,2020-02-03,
603616,2673,0,0,0,,
603617,2200,0,0,0,,
603618,2751,0,0,0,,
603619,2106,0,0,0,,
603626,2297,0,0,0,,
603628,2308,12,0,0,2021-06-24,
603629,1837,0,0,0,,
603630,2275,16,0,0,2020-03-17,
603633,2345,0,0,0,,
603636,2730,5,0,0,2020-02-07,
603637,2296,42,0,0,2024-04-16,
603638,2306,25,0,0,2020-03-31,
603639,2312,0,0,0,,
603648,2148,0,0,0,,
603650,1954,0,0,0,,
603655,2071,18,0,0,2024-02-07,
603656,2269,4,0,0,2018-10-29,
603657,1936,0,0,0,,
603658,2394,0,0,0,,
603659,2055,0,0,0,,
603660,2339,2,0,0,2016-12-06,
603661,2096,0,0,0,,
603662,1688,22,0,0,2023-05-24,
603663,2422,35,0,0,2022-06-02,
603665,2275,10,0,0,2020-02-03,
603666,1969,0,0,0,,
603667,2296,48,0,0,2022-05-19,
603668,2309,0,0,0,,
603669,2711,0,0,0,,
603676,2186,63,0,0,2025-04-22,
603677,2295,37,0,0,2024-04-16,
603678,2776,0,0,0,,
603679,2208,2,0,0,2017-06-23,
603680,2040,25,0,0,2025-04-29,
603681,1778,14,0,0,2020-02-03,
603682,1517,0,0,0,,
603683,2126,12,0,0,2021-07-30,
603685,2098,0,0,0,,
603686,2730,0,0,0,,
603687,1695,0,0,0,,
603688,2843,0,0,0,,
603689,2314,0,0,0,,
603690,2218,26,0,0,2019-01-07,
603693,1946,29,0,0,2021-09-15,
603696,2546,0,0,0,,
603697,1751,0,0,0,,
603698,2790,0,0,0,,
603699,3026,0,0,0,,
603700,1818,20,0,0,2025-04-14,
603701,2474,0,0,0,,
603703,2645,0,0,0,,
603706,1951,0,0,0,,
603707,2188,15,0,0,2019-03-11,
603708,2333,18,0,0,2024-10-29,
603709,2048,0,0,0,,
603711,2097,35,0,0,2024-02-08,
603712,2038,6,0,0,2018-03-06,
603713,1947,0,0,0,,
603716,2352,0,0,0,,
603717,2265,0,0,0,,
603718,2680,6,0,0,2015-05-27,
603719,1552,19,0,0,2024-11-07,
603721,2162,7,0,0,2017-08-22,
603722,2116,36,0,0,2021-02-01,
603725,2138,0,0,0,,
603726,2485,0,0,0,,
603727,2348,31,0,0,2024-02-08,
603728,2232,0,0,0,,
603729,2665,0,0,0,,
603730,2166,0,0,0,,
603733,2004,0,0,0,,
603737,2456,0,0,0,,
603738,2382,57,0,0,2021-06-30,
603739,1822,15,0,0,2020-12-29,
603755,1672,10,0,0,2024-02-08,
603757,2194,0,0,0,,
603758,2217,0,0,0,,
603759,1291,6,0,0,2024-02-05,
603766,3366,0,0,0,,
603767,2214,31,0,0,2023-06-20,
603768,2266,0,0,0,,
603773,2007,0,0,0,,
603776,2152,46,0,0,2024-06-07,
603777,2377,6,0,0,2016-10-20,
603778,2527,0,0,0,,
603779,2462,1,0,0,2016-05-17,
603786,1639,0,0,0,,
603787,2244,0,0,0,,
603788,2782,0,0,0,,
603789,2707,0,0,0,,
603790,1893,18,0,0,2022-06-28,
603797,2254,33,0,0,2020-04-23,
603798,2500,26,0,0,2022-03-23,
603799,2750,0,0,0,,
603800,2573,29,0,0,2020-02-03,
603801,2201,0,0,0,,
603803,2246,2,0,0,2018-11-09,
603806,2861,0,0,0,,
603808,2653,0,0,0,,
603809,2099,0,0,0,,
603810,1899,4,0,0,2020-04-27,
603811,2273,0,0,0,,
603813,2143,8,0,0,2019-10-09,
603815,1630,5,0,0,2021-03-05,
603816,2366,0,0,0,,
603817,2290,16,0,0,2022-02-10,
603818,2700,0,0,0,,
603819,2338,26,0,0,2021-04-06,
603822,2397,7,0,0,2016-05-10,
603823,2328,42,0,0,2024-05-07,
603825,2091,15,0,0,2019-12-26,
603826,2253,7,0,0,2017-12-21,
603828,2674,0,0,0,,
603829,2129,25,0,0,2022-04-25,
603833,2253,0,0,0,,
603836,1252,0,0,0,,
603838,2383,5,0,0,2015-07-09,
603839,2293,36,0,0,2022-12-13,
603843,2276,0,0,0,,
603848,2096,37,0,0,2024-04-22,
603855,2226,0,0,0,,
603856,2115,0,0,0,,
603858,2345,0,0,0,,
603859,2365,4,0,0,2016-10-28,
603860,2178,3,0,0,2017-08-07,
603861,2430,10,0,0,2020-03-17,
603863,1713,0,0,0,,
603866,2571,0,0,0,,
603867,1716,0,0,0,,
603868,2494,29,0,0,2023-03-30,
603869,2657,0,0,0,,
603871,2050,0,0,0,,
603876,2006,0,0,0,,
603877,2312,37,0,0,2024-11-15,
603878,2329,20,0,0,2022-10-18,
603879,2211,0,0,0,,
603880,2079,0,0,0,,
603881,2296,7,0,0,2017-02-20,
603882,2151,41,0,0,2025-02-19,
603883,2642,0,0,0,,
603885,2695,0,0,0,,
603886,2322,0,0,0,,
603887,2297,0,0,0,,
603888,2363,35,0,0,2021-05-27,
603889,2692,0,0,0,,
603890,2089,0,0,0,,
603893,1563,0,0,0,,
603895,2061,0,0,0,,
603896,2236,0,0,0,,
603897,2007,0,0,0,,
603898,2699,0,0,0,,
603899,2786,0,0,0,,
603900,2345,26,0,0,2024-02-06,
603901,2691,0,0,0,,
603903,2272,21,0,0,2021-11-11,
603906,2257,25,0,0,2020-06-04,
603908,2279,54,0,0,2024-02-08,
603909,2399,15,0,0,2023-01-31,
603912,2118,0,0,0,,
603915,1725,16,0,0,2022-05-11,
603916,2111,26,0,0,2022-04-27,
603917,2095,0,0,0,,
603918,2615,0,0,0,,
603919,2495,0,0,0,,
603920,2237,0,0,0,,
603922,2101,0,0,0,,
603926,2236,0,0,0,,
603927,1664,0,0,0,,
603928,2334,0,0,0,,
603929,2320,0,0,0,,
603931,1436,15,0,0,2022-04-26,
603933,2187,13,0,0,2021-04-28,
603936,2482,1,0,0,2015-12-11,
603937,2117,24,0,0,2022-05-19,
603938,2203,19,0,0,2021-01-20,
603939,2655,0,0,0,,
603948,1552,0,0,0,,
603949,1546,0,0,0,,
603950,1485,4,0,0,2020-08-10,
603955,2230,0,0,0,,
603956,1800,9,0,0,2020-02-18,
603958,2420,0,0,0,,
603959,2465,0,0,0,,
603960,2217,18,0,0,2018-02-06,
603966,2300,0,0,0,,
603967,1755,0,0,0,,
603968,2719,0,0,0,,
603969,2773,0,0,0,,
603970,2107,0,0,0,,
603976,2164,0,0,0,,
603977,2266,0,0,0,,
603978,2172,0,0,0,,
603979,2684,0,0,0,,
603980,2206,24,0,0,2025-05-19,
603982,1741,0,0,0,,
603983,1696,23,0,0,2024-09-24,
603985,2234,17,0,0,2020-07-13,
603986,2198,0,0,0,,
603987,2349,26,0,0,2024-02-08,
603988,2823,0,0,0,,
603989,2717,0,0,0,,
603990,2331,4,0,0,2016-12-16,
603991,2269,0,0,0,,
603992,1674,23,0,0,2024-05-22,
603993,3326,0,0,0,,
603995,1594,17,0,0,2025-06-09,
603997,2676,0,0,0,,
603998,2750,0,0,0,,
603999,2576,21,0,0,2019-11-22,
605001,1497,0,0,0,,
605003,1422,8,0,0,2024-11-07,
605005,1334,0,0,0,,
605006,1425,0,0,0,,
605007,1383,0,0,0,,
605008,1425,0,0,0,,
605009,1419,20,0,0,2025-03-14,
605011,1228,15,0,0,2022-05-17,
605016,1274,0,0,0,,
605018,1407,0,0,0,,
605020,1221,18,0,0,2022-07-15,
605028,1211,0,0,0,,
605033,1172,4,0,0,2022-03-16,
605050,1410,0,0,0,,
605055,1326,1,0,0,2024-02-19,
605056,1214,0,0,0,,
605058,1397,14,0,0,2025-04-07,
605060,1310,10,0,0,2024-09-30,
605066,1444,0,0,0,,
605068,1374,0,0,0,,
605069,1195,0,0,0,,
605077,1314,13,0,0,2025-04-10,
605080,1266,0,0,0,,
605086,1277,0,0,0,,
605088,1438,17,0,0,2024-11-26,
605089,1270,17,0,0,2022-11-01,
605090,1242,0,0,0,,
605098,1274,0,0,0,,
605099,1406,0,0,0,,
605100,1442,21,0,0,2024-04-17,
605108,1460,12,0,0,2022-04-22,
605111,1408,11,0,0,2020-10-21,
605116,1413,0,0,0,,
605117,1270,0,0,0,,
605118,1450,0,0,0,,
605122,1303,0,0,0,,
605123,1432,9,0,0,2021-01-07,
605128,1417,10,0,0,2022-06-06,
605133,1313,2,0,0,2022-05-11,
605136,1407,0,0,0,,
605138,1150,3,0,0,2022-04-20,
605151,1358,14,0,0,2022-05-30,
605155,1346,0,0,0,,
605158,1446,12,0,0,2024-02-08,
605162,1223,34,0,0,2024-05-24,
605166,1478,15,0,0,2024-02-08,
605167,1210,2,0,0,2021-07-28,
605168,1493,37,0,0,2025-04-07,
605169,1380,0,0,0,,
605177,1372,0,0,0,,
605178,1420,0,0,0,,
605179,1349,0,0,0,,
605180,1267,0,0,0,,
605183,1364,0,0,0,,
605186,1353,0,0,0,,
605188,1452,0,0,0,,
605189,1250,3,0,0,2022-04-28,
605196,1263,0,0,0,,
605198,1414,10,0,0,2022-05-20,
605199,1463,0,0,0,,
605208,1305,0,0,0,,
605218,1408,0,0,0,,
605222,1449,0,0,0,,
605228,1333,0,0,0,,
605255,1399,0,0,0,,
605258,1366,0,0,0,,
605259,1239,0,0,0,,
605266,1368,26,0,0,2025-04-07,
605268,1313,0,0,0,,
605277,1343,0,0,0,,
605286,1285,3,0,0,2021-10-22,
605287,1224,0,0,0,,
605288,1491,3,0,0,2024-04-29,
605289,1271,2,0,0,2022-05-09,
605296,1250,0,0,0,,
605298,1310,0,0,0,,
605299,1358,0,0,0,,
605300,1267,0,0,0,,
605303,1310,0,0,0,,
605305,1266,16,0,0,2024-09-24,
605318,1447,0,0,0,,
605319,1237,24,0,0,2024-11-25,
605333,1437,5,0,0,2020-08-25,
605336,1398,0,0,0,,
605337,1320,0,0,0,,
605338,1404,0,0,0,,
605339,1258,2,0,0,2022-04-29,
605358,1414,0,0,0,,
605365,1214,12,0,0,2023-09-14,
605366,1441,4,0,0,2021-02-05,
605368,1325,0,0,0,,
605369,1416,0,0,0,,
605376,1363,7,0,0,2020-12-17,
605377,1349,3,0,0,2021-09-23,
605378,1281,28,0,0,2024-04-16,
605388,1437,0,0,0,,
605389,1277,22,0,0,2025-01-22,
605398,1332,0,0,0,,
605399,1447,12,0,0,2021-07-29,
605488,1261,0,0,0,,
605499,1246,0,0,0,,
605500,1353,4,0,0,2024-02-05,
605507,1205,7,0,0,2025-04-07,
605555,1150,0,0,0,,
605566,1152,2,0,0,2022-06-10,
605567,1160,0,0,0,,
605577,1189,11,0,0,2023-04-19,
605580,1192,0,0,0,,
605588,1197,0,0,0,,
605589,1194,0,0,0,,
605598,1171,2,0,0,2022-04-22,
605599,1177,14,0,0,2025-06-04,
688001,1699,3,0,0,2022-05-31,
688002,1694,0,0,0,,
688003,1699,3,0,0,2024-02-26,
688004,1482,0,0,0,,
688005,1695,3,0,0,2020-10-09,
688006,1699,1,0,0,2020-02-03,
688007,1699,0,0,0,,
688008,1694,0,0,0,,
688009,1694,0,0,0,,
688010,1699,1,0,0,2019-07-24,
688011,1699,0,0,0,,
688012,1685,0,0,0,,
688013,1408,2,0,0,2024-02-08,
688015,1699,5,0,0,2024-05-17,
688016,1699,1,0,0,2022-10-14,
688017,1424,0,0,0,,
688018,1694,0,0,0,,
688019,1694,0,0,0,,
688020,1699,0,0,0,,
688021,1628,0,0,0,,
688022,1698,0,0,0,,
688023,1629,1,0,0,2019-11-07,
688025,1632,4,0,0,2025-04-07,
688026,1574,1,0,0,2020-02-03,
688027,1456,1,0,0,2020-07-14,
688028,1690,5,0,0,2021-09-03,
688029,1697,1,0,0,2022-10-14,
688030,1650,0,0,0,,
688031,914,0,0,0,,
688032,1112,1,0,0,2023-04-26,
688033,1698,0,0,0,,
688035,930,0,0,0,,
688036,1645,0,0,0,,
688037,1592,1,0,0,2019-12-18,
688038,1209,0,0,0,,
688039,1603,0,0,0,,
688041,940,0,0,0,,
688045,1010,0,0,0,,
688046,1030,1,0,0,2022-05-05,
688047,985,0,0,0,,
688048,1044,0,0,0,,
688049,1127,1,0,0,2024-10-08,
688050,1451,0,0,0,,
688051,1528,0,0,0,,
688052,1026,0,0,0,,
688053,979,0,0,0,,
688055,1438,1,0,0,2020-08-18,
688056,1426,3,0,0,2022-10-17,
688057,1382,0,0,0,,
688058,1631,1,0,0,2020-05-06,
688059,1320,4,0,0,2025-02-20,
688060,1464,0,0,0,,
688061,914,0,0,0,,
688062,1092,1,0,0,2022-01-19,
688063,1347,0,0,0,,
688065,1432,0,0,0,,
688066,1698,0,0,0,,
688067,1238,0,0,0,,
688068,1649,12,0,0,2022-04-28,
688069,1456,2,0,0,2021-01-13,
688070,1318,0,0,0,,
688071,1207,0,0,0,,
688072,1018,0,0,0,,
688073,909,2,0,0,2025-04-07,
688075,1134,9,0,0,2022-04-28,
688076,1255,3,0,0,2023-01-11,
688077,1456,2,0,0,2022-03-16,
688078,1590,5,0,0,2024-02-08,
688079,1309,0,0,0,,
688080,1565,0,0,0,,
688081,1586,0,0,0,,
688082,1129,0,0,0,,
688083,1302,0,0,0,,
688084,877,0,0,0,,
688085,1521,0,0,0,,
688087,1221,1,0,0,2021-07-13,
688088,1699,2,0,0,2023-05-26,
688089,1587,3,0,0,2024-04-29,
688090,1562,1,0,0,2021-07-22,
688091,1177,0,0,0,,
688092,1296,0,0,0,,
688093,1406,4,0,0,2025-04-18,
688095,1422,0,0,0,,
688096,1525,0,0,0,,
688097,1262,1,0,0,2021-05-27,
688098,1635,1,0,0,2019-10-29,
688099,1681,0,0,0,,
688100,1575,2,0,1,2020-02-04,
688101,1621,0,0,0,,
688102,1056,1,0,0,2022-11-28,
688103,1176,0,0,0,,
688105,1137,1,0,0,2022-11-29,
688106,1480,1,0,0,2020-06-23,
688107,1138,0,0,0,,
688108,1633,0,0,0,,
688109,1284,2,0,0,2024-02-08,
688110,1115,0,0,0,,
688111,1615,0,0,0,,
688112,1125,3,0,0,2024-09-30,
688113,1266,2,0,0,2024-03-26,
688114,930,0,0,0,,
688115,1048,5,0,0,2024-09-30,
688116,1653,0,0,0,,
688117,1246,3,0,0,2025-03-31,
688118,1608,3,0,0,2024-10-08,
688119,1004,0,0,0,,
688120,997,0,0,0,,
688121,1137,0,0,0,,
688122,1694,0,0,0,,
688123,1595,5,0,0,2020-07-06,
688125,1036,0,0,0,,
688126,1503,0,0,0,,
688127,1413,2,0,0,2022-05-09,
688128,1629,6,0,0,2023-05-08,
688129,1395,0,0,0,,
688130,965,0,0,0,,
688131,1233,0,0,0,,
688132,920,0,0,0,,
688133,1390,0,0,0,,
688135,1382,0,0,0,,
688136,1359,1,0,0,2020-12-15,
688137,922,0,0,0,,
688138,1618,2,0,0,2022-10-20,
688139,1626,1,0,0,2019-10-28,
688141,866,0,0,0,,
688143,863,0,0,0,,
688146,785,0,0,0,,
688147,866,0,0,0,,
688148,1201,0,0,0,,
688150,1054,4,0,0,2022-06-02,
688151,1122,0,0,0,,
688152,906,0,0,0,,
688153,1039,0,0,0,,
688155,1442,3,0,0,2022-06-17,
688156,1412,0,0,0,,
688157,1475,0,0,0,,
688158,1576,1,0,0,2020-02-03,
688159,1573,1,0,0,2020-02-04,
688160,1381,3,0,0,2022-08-09,
688161,1228,0,0,0,,
688162,1140,0,0,0,,
688163,1059,0,0,0,,
688165,1451,1,0,0,2020-07-17,
688166,1621,0,0,0,,
688167,1108,0,0,0,,
688168,1665,0,0,0,,
688169,1553,0,0,0,,
688170,1026,1,0,0,2022-06-30,
688171,1085,0,0,0,,
688172,866,0,0,0,,
688173,1080,1,0,0,2022-01-24,
688175,1039,0,0,0,,
688176,1099,0,0,0,,
688177,1558,0,0,0,,
688178,1565,0,0,0,,
688179,1394,3,0,0,2023-10-27,
688180,1456,0,0,0,,
688181,1586,1,0,0,2020-02-03,
688182,1136,2,0,0,2022-09-02,
688183,1307,0,0,0,,
688184,929,0,0,0,,
688185,1440,0,0,0,,
688186,1566,0,0,0,,
688187,1174,0,0,0,,
688188,1681,1,0,0,2026-06-18,
688189,1523,0,0,0,,
688190,1128,0,0,0,,
688191,1273,3,0,0,2023-08-30,
688192,1113,0,0,0,,
688193,1041,1,0,0,2024-02-08,
688195,1281,2,0,0,2021-04-19,
688196,1617,6,0,0,2024-11-28,
688197,1051,0,0,0,,
688198,1605,1,0,0,2020-07-09,
688199,1629,0,0,0,,
688200,1556,0,0,0,,
688201,1270,1,0,0,2021-04-29,
688202,1629,0,0,0,,
688203,953,0,0,0,,
688205,958,0,0,0,,
688206,1096,0,0,0,,
688207,1055,0,0,0,,
688208,1564,1,0,0,2020-08-18,
688209,1024,0,0,0,,
688210,1107,0,0,0,,
688211,1151,0,0,0,,
688212,1137,0,0,0,,
688213,1009,0,0,0,,
688215,1429,0,0,0,,
688216,1233,0,0,0,,
688217,1259,0,0,0,,
688218,1603,3,0,0,2022-07-06,
688219,1377,0,0,0,,
688220,1089,0,0,0,,
688221,1392,0,0,0,,
688222,1520,0,0,0,,
688223,1081,0,0,0,,
688225,1081,0,0,0,,
688226,1223,3,0,0,2024-02-08,
688227,1104,0,0,0,,
688228,1523,0,0,0,,
688229,1438,0,0,0,,
688230,1125,2,0,0,2024-11-11,
688231,970,0,0,0,,
688232,1135,2,0,0,2022-10-31,
688233,1558,0,0,0,,
688234,1091,0,0,0,,
688235,1110,0,0,0,,
688236,1104,0,0,0,,
688237,975,1,0,0,2024-10-28,
688238,1052,0,0,0,,
688239,1225,1,0,0,2021-07-23,
688244,913,0,0,0,,
688246,1116,0,0,0,,
688247,946,0,0,0,,
688248,1105,0,0,0,,
688249,781,0,0,0,,
688251,1004,0,0,0,,
688252,924,0,0,0,,
688253,966,2,0,0,2024-05-06,
688255,1152,3,0,0,2024-02-08,
688256,1453,1,0,0,2020-07-21,
688257,1150,1,0,0,2021-11-03,
688258,1605,2,0,0,2022-06-01,
688259,1096,1,0,0,2022-01-17,
688260,1282,0,0,0,,
688261,1080,0,0,0,,
688262,1100,0,0,0,,
688265,1106,0,0,0,,
688266,1568,0,0,0,,
688267,1076,0,0,0,,
688268,1592,2,0,0,2021-12-14,
688269,1242,2,0,0,2021-08-23,
688270,1084,0,0,0,,
688271,944,0,0,0,,
688272,1155,0,0,0,,
688273,956,2,0,0,2024-02-08,
688275,922,0,0,0,,
688276,1231,0,0,0,,
688277,1461,1,0,0,2020-07-08,
688278,1572,1,0,0,2020-01-20,
688279,1033,0,0,0,,
688280,1150,1,0,0,2021-10-28,
688281,1058,0,0,0,,
688282,1052,0,0,0,,
688283,1077,0,0,0,,
688285,1155,1,0,0,2022-05-31,
688286,1443,0,0,0,,
688288,1628,1,0,0,2019-11-07,
688289,1429,0,0,0,,
688290,1026,1,0,0,2022-05-11,
688291,899,0,0,0,,
688292,951,0,0,0,,
688293,930,0,0,0,,
688295,1038,0,0,0,,
688296,1209,1,0,0,2021-07-29,
688297,982,0,0,0,,
688298,1570,4,0,0,2022-04-28,
688299,1628,0,0,0,,
688300,1621,2,0,0,2023-11-17,
688301,1409,0,0,0,,
688302,1039,1,0,0,2022-04-13,
688303,1207,0,0,0,,
688305,1221,0,0,0,,
688306,1052,0,0,0,,
688307,833,0,0,0,,
688308,1361,0,0,0,,
688309,1460,0,0,0,,
688310,1609,3,0,0,2024-02-08,
688311,1449,0,0,0,,
688312,1486,1,0,0,2025-04-07,
688313,1427,0,0,0,,
688314,1258,1,0,0,2023-05-19,
688315,1280,1,0,0,2021-04-16,
688316,1299,0,0,0,,
688317,1335,2,0,0,2022-05-23,
688318,1508,0,0,0,,
688319,1243,0,0,0,,
688320,1027,0,0,0,,
688321,1684,0,0,0,,
688322,976,0,0,0,,
688323,1269,0,0,0,,
688325,1031,4,0,0,2024-11-11,
688326,1034,0,0,0,,
688327,1009,1,0,0,2022-05-31,
688328,1304,1,0,0,2021-03-10,
688329,1290,2,0,0,2024-02-08,
688330,1401,0,0,0,,
688331,1040,0,0,0,,
688332,975,3,0,0,2024-12-11,
688333,1699,0,0,0,,
688334,750,0,0,0,,
688335,1438,0,0,0,,
688336,1451,0,0,0,,
688337,1031,2,0,0,2024-02-08,
688338,1445,0,0,0,,
688339,1433,0,0,0,,
688343,795,0,0,0,,
688345,1240,0,0,0,,
688347,702,0,0,0,,
688348,1002,0,0,0,,
688349,987,0,0,0,,
688350,1322,2,0,0,2021-02-02,
688351,942,0,0,0,,
688352,789,0,0,0,,
688353,977,0,0,0,,
688355,1262,2,0,0,2022-09-07,
688356,1431,2,0,0,2021-04-30,
688357,1608,7,0,0,2023-04-26,
688358,1609,3,0,0,2025-02-14,
688359,1255,1,0,0,2021-05-24,
688360,1480,1,0,0,2021-09-06,
688361,766,0,0,0,,
688362,893,0,0,0,,
688363,1623,0,0,0,,
688365,1511,1,0,0,2020-05-06,
688366,1633,4,0,0,2022-12-27,
688367,1230,1,0,0,2021-07-05,
688368,1625,4,0,0,2024-09-30,
688369,1632,1,0,0,2020-02-04,
688370,946,0,0,0,,
688371,963,1,0,0,2022-08-03,
688372,908,0,0,0,,
688373,960,0,0,0,,
688375,965,0,0,0,,
688376,891,0,0,0,,
688377,1466,1,0,0,2024-02-08,
688378,1425,0,0,0,,
688379,1436,3,0,0,2025-04-07,
688380,960,0,0,0,,
688381,938,0,0,0,,
688382,969,0,0,0,,
688383,1269,0,0,0,,
688385,1198,0,0,0,,
688386,1400,2,0,0,2024-02-08,
688387,920,0,0,0,,
688388,1699,0,0,0,,
688389,1629,5,0,0,2022-10-14,
688390,1424,1,0,0,2020-12-25,
688391,934,1,0,0,2022-09-14,
688392,924,0,0,0,,
688393,1435,0,0,0,,
688395,1268,0,0,0,,
688396,1549,0,0,0,,
688398,1566,0,0,0,,
688399,1607,11,0,0,2023-04-27,
688400,982,0,0,0,,
688401,952,1,0,0,2025-02-19,
688403,951,0,0,0,,
688408,1429,1,0,0,2020-10-09,
688409,920,0,0,0,,
688410,865,2,0,0,2023-04-28,
688411,354,0,0,0,,
688416,944,0,0,0,,
688418,1456,1,0,0,2020-07-23,
688419,900,3,0,0,2024-10-08,
688420,876,0,0,0,,
688425,1229,0,0,0,,
688426,909,0,0,0,,
688428,928,0,0,0,,
688429,744,0,0,0,,
688432,897,0,0,0,,
688433,792,0,0,0,,
688435,848,0,0,0,,
688439,945,0,0,0,,
688443,749,0,0,0,,
688448,928,0,0,0,,
688449,399,0,0,0,,
688450,727,0,0,0,,
688455,932,0,0,0,,
688456,1298,0,0,0,,
688458,770,0,0,0,,
688459,918,0,0,0,,
688466,1507,2,0,0,2024-11-21,
688468,1282,4,0,0,2022-01-11,
688469,773,0,0,0,,
688472,751,0,0,0,,
688475,858,0,0,0,,
688478,777,1,0,0,2023-04-27,
688479,777,0,0,0,,
688480,886,0,0,0,,
688484,798,0,0,0,,
688485,849,0,0,0,,
688486,830,1,0,0,2024-10-08,
688488,1458,1,0,0,2020-07-21,
688489,881,0,0,0,,
688496,861,0,0,0,,
688498,863,0,0,0,,
688499,1227,0,0,0,,
688500,1458,1,0,0,2020-07-17,
688501,1216,2,0,0,2024-02-08,
688502,818,0,0,0,,
688503,876,0,0,0,,
688505,1477,0,0,0,,
688506,852,0,0,0,,
688507,791,0,0,0,,
688508,1456,0,0,0,,
688509,1206,0,0,0,,
688510,1357,1,0,0,2021-05-31,
688511,1204,3,0,0,2024-07-01,
688512,774,0,0,0,,
688513,1426,0,0,0,,
688515,837,0,0,0,,
688516,1498,5,0,0,2024-10-08,
688517,1236,6,0,0,2025-11-05,
688518,1476,0,0,0,,
688519,1437,2,0,0,2021-08-04,
688520,1471,0,0,0,,
688521,1422,0,0,0,,
688522,814,0,0,0,,
688523,761,0,0,0,,
688525,861,0,0,0,,
688526,1412,0,0,0,,
688528,1471,0,0,0,,
688529,1384,0,0,0,,
688530,537,0,0,0,,
688531,792,0,0,0,,
688533,1276,9,0,0,2025-04-07,
688535,790,1,0,0,2023-04-06,
688536,1393,0,0,0,,
688538,1245,0,0,0,,
688539,791,0,0,0,,
688543,748,0,0,0,,
688545,362,0,0,0,,
688548,711,0,0,0,,
688549,693,0,0,0,,
688550,1421,1,0,0,2021-09-10,
688551,1420,3,0,0,2023-04-25,
688552,772,0,0,0,,
688553,1151,1,0,0,2024-10-28,
688556,1444,5,0,0,2024-10-08,
688557,1367,1,0,0,2024-02-26,
688558,1472,2,0,0,2021-08-26,
688559,1421,1,0,0,2020-09-10,
688560,1351,0,0,0,,
688561,1451,0,0,0,,
688562,768,0,0,0,,
688563,725,0,0,0,,
688565,1261,0,0,0,,
688566,1501,3,0,0,2023-02-28,
688567,1452,0,0,0,,
688568,1461,0,0,0,,
688569,1428,2,0,0,2023-04-21,
688570,760,0,0,0,,
688571,1360,1,0,0,2020-12-14,
688573,709,1,0,0,2023-08-18,
688575,1259,3,0,0,2022-03-11,
688576,759,0,0,0,,
688577,1416,1,0,0,2021-08-23,
688578,1362,0,0,0,,
688579,1459,1,0,0,2021-06-15,
688580,1457,5,0,0,2025-04-02,
688581,771,1,0,0,2024-02-01,
688582,738,0,0,0,,
688583,367,0,0,0,,
688584,591,0,0,0,,
688585,1394,0,0,0,,
688586,1449,1,0,0,2020-08-03,
688588,1496,6,0,0,2024-10-31,
688589,1456,2,0,0,2024-02-08,
688590,1364,1,0,0,2021-07-08,
688591,698,1,0,0,2023-08-29,
688592,710,1,0,0,2023-08-17,
688593,752,0,0,0,,
688595,1408,0,0,0,,
688596,1435,1,0,0,2021-08-25,
688597,1237,1,0,0,2021-11-29,
688598,1501,0,0,0,,
688599,1479,0,0,0,,
688600,1469,1,0,0,2021-04-20,
688601,1230,2,0,0,2024-02-19,
688602,729,0,0,0,,
688603,737,1,0,0,2024-02-08,
688605,390,0,0,0,,
688606,1292,7,0,0,2022-03-29,
688607,1325,2,0,0,2021-02-05,
688608,1352,1,0,0,2026-06-18,
688609,1294,1,0,0,2021-03-24,
688610,730,0,0,0,,
688611,1281,3,0,0,2021-11-12,
688612,725,0,0,0,,
688613,1255,0,0,0,,
688615,435,3,0,1,2024-10-09,
688616,1297,1,0,0,2024-02-08,
688617,1337,0,0,0,,
688618,1347,3,0,0,2024-03-29,
688619,1314,0,0,0,,
688620,746,0,0,0,,
688621,1216,0,0,0,,
688622,1165,0,0,0,,
688623,757,0,0,0,,
688625,1244,1,0,0,2022-08-22,
688626,1288,0,0,0,,
688627,731,0,0,0,,
688628,1325,5,0,0,2022-10-21,
688629,741,0,0,0,,
688630,1287,2,0,0,2022-06-23,
688631,745,1,0,0,2024-03-18,
688633,1293,1,0,0,2021-10-26,
688635,41,0,0,0,,
688636,1283,0,0,0,,
688638,735,0,0,0,,
688639,1273,1,0,0,2021-04-26,
688646,722,0,0,0,,
688648,653,0,0,0,,
688651,725,0,0,0,,
688652,641,0,0,0,,
688653,649,0,0,0,,
688655,1254,0,0,0,,
688656,1329,3,0,0,2024-02-08,
688657,677,3,0,0,2024-11-06,
688658,1351,0,0,0,,
688659,1288,0,0,0,,
688660,1257,0,0,0,,
688661,1290,2,0,0,2021-04-09,
688662,1287,6,0,0,2024-03-26,
688663,1280,7,0,0,2024-04-12,
688665,1319,1,0,0,2021-02-10,
688667,1292,0,0,0,,
688668,1354,7,0,0,2025-04-07,
688669,1330,0,0,0,,
688670,1205,0,0,0,,
688671,715,1,0,0,2023-08-10,
688676,1299,0,0,0,,
688677,1311,1,0,0,2021-09-17,
688678,1352,3,0,0,2024-02-08,
688679,1350,0,0,0,,
688680,1331,0,0,0,,
688681,1238,1,0,0,2021-06-17,
688682,1275,2,0,0,2021-07-02,
688683,1281,0,0,0,,
688685,1261,0,0,0,,
688686,1346,0,0,0,,
688687,1320,2,0,0,2023-10-27,
688689,1318,3,0,0,2021-11-22,
688690,1233,0,0,0,,
688691,554,0,0,0,,
688692,509,0,0,0,,
688693,698,0,0,0,,
688695,573,0,0,0,,
688696,1308,0,0,0,,
688697,1171,1,0,0,2024-02-26,
688698,1348,1,0,0,2021-11-23,
688699,1355,2,0,0,2021-04-26,
688700,1239,2,0,0,2021-11-01,
688701,1172,0,0,0,,
688702,684,0,0,0,,
688707,1174,0,0,0,,
688708,390,0,0,0,,
688709,587,0,0,0,,
688710,455,0,0,0,,
688711,1183,1,0,0,2021-09-02,
688712,110,0,0,0,,
688716,685,0,0,0,,
688717,617,1,0,0,2024-07-05,
688718,1208,0,0,0,,
688719,679,0,0,0,,
688720,626,0,0,0,,
688721,475,0,0,0,,
688722,1156,1,0,0,2022-08-29,
688726,422,0,0,0,,
688727,165,0,0,0,,
688728,1188,0,0,0,,
688729,254,0,0,0,,
688733,1194,0,0,0,,
688737,1153,0,0,0,,
688739,1146,1,0,0,2022-10-28,
688750,406,0,0,0,,
688755,290,0,0,0,,
688757,324,0,0,0,,
688758,370,0,0,0,,
688759,180,0,0,0,,
688765,180,1,0,0,2025-10-29,
688766,1180,0,0,0,,
688767,1178,4,0,0,2022-03-11,
688768,1210,1,0,0,2024-02-08,
688772,1153,0,0,0,,
688775,273,0,0,0,,
688776,1184,0,0,0,,
688777,1368,0,0,0,,
688778,1197,0,0,0,,
688779,1198,1,0,0,2021-08-12,
688781,82,0,0,0,,
688783,180,0,0,0,,
688785,116,0,0,0,,
688786,1187,3,0,0,2023-06-05,
688787,1196,1,0,0,2022-10-14,
688788,1396,0,0,0,,
688789,1222,0,0,0,,
688790,145,0,0,0,,
688793,1217,0,0,0,,
688795,152,1,0,0,2025-12-11,
688796,149,0,0,0,,
688797,22,0,0,0,,
688798,1195,0,0,0,,
688799,1219,2,0,0,2022-12-08,
688800,1212,3,0,0,2024-10-08,
688802,144,0,0,0,,
688805,139,0,0,0,,
688806,3,1,1,0,2026-07-22,
688807,142,0,0,0,,
688808,61,0,0,0,,
688809,135,0,0,0,,
688811,71,0,0,0,,
688813,78,0,0,0,,
688816,106,0,0,0,,
688818,107,0,0,0,,
688819,1330,0,0,0,,
688820,64,1,0,0,2026-04-22,
688981,1449,0,0,0,,
689009,1391,4,0,0,2023-06-01,
920000,1352,2,0,0,2024-10-29,
920001,864,1,0,0,2023-12-29,
920002,522,0,0,0,,
920003,172,0,0,0,,
920005,237,0,0,0,,
920006,772,1,0,0,2024-10-14,
920007,231,0,0,0,,
920008,458,0,0,0,,
920009,176,0,0,0,,
920010,1453,0,0,0,,
920011,73,0,0,0,,
920012,70,0,0,0,,
920014,874,0,0,0,,
920015,197,0,0,0,,
920016,447,0,0,0,,
920017,763,1,0,0,2023-11-24,
920018,223,0,0,0,,
920019,434,0,0,0,,
920020,180,0,0,0,,
920021,1453,0,0,0,,
920022,201,0,0,0,,
920023,842,0,0,0,,
920026,670,3,0,0,2025-04-10,
920027,274,0,0,0,,
920028,85,0,0,0,,
920029,321,0,0,0,,
920030,1370,0,0,0,,
920033,868,0,0,0,,
920035,155,0,0,0,,
920036,94,0,0,0,,
920037,262,0,0,0,,
920039,1185,1,0,0,2023-12-14,
920045,134,0,0,0,,
920046,917,2,0,0,2024-05-24,
920047,1373,0,0,0,,
920050,121,0,0,0,,
920055,78,0,0,0,,
920056,221,0,0,0,,
920057,815,0,0,0,,
920058,704,1,0,0,2024-12-13,
920060,407,0,0,0,,
920061,625,1,0,0,2024-02-07,
920062,977,0,0,0,,
920066,420,0,0,0,,
920068,293,0,0,0,,
920069,80,0,0,0,,
920072,19,0,0,0,,
920075,873,3,0,0,2024-11-27,
920076,120,0,0,0,,
920077,1184,0,0,0,,
920078,87,0,0,0,,
920079,2,0,0,0,,
920080,192,0,0,0,,
920081,10,0,0,0,,
920082,380,0,0,0,,
920083,30,0,0,0,,
920086,124,0,0,0,,
920087,878,2,0,0,2024-11-06,
920088,422,0,0,0,,
920089,1141,0,0,0,,
920090,1194,0,0,0,,
920091,162,0,0,0,,
920092,1137,0,0,0,,
920096,48,0,0,0,,
920098,395,0,0,0,,
920099,441,2,0,0,2024-10-08,
920100,210,0,0,0,,
920101,227,0,0,0,,
920106,386,1,0,0,2025-02-28,
920108,357,0,0,0,,
920110,879,1,0,0,2025-03-18,
920111,413,0,0,0,,
920112,217,0,0,0,,
920116,376,0,0,0,,
920117,6,0,0,0,,
920118,463,1,0,0,2024-10-08,
920119,114,0,0,0,,
920121,138,0,0,0,,
920122,924,7,0,0,2024-01-25,
920123,561,4,0,0,2025-05-15,
920124,158,0,0,0,,
920125,61,0,0,0,,
920126,28,0,0,0,,
920128,399,0,0,0,,
920130,660,0,0,0,,
920132,650,0,0,0,,
920136,11,0,0,0,,
920139,906,0,0,0,,
920145,1137,0,0,0,,
920146,1214,0,0,0,,
920149,1453,0,0,0,,
920152,941,0,0,0,,
920156,60,0,0,0,,
920158,188,1,0,0,2026-03-03,
920159,116,0,0,0,,
920160,165,0,0,0,,
920161,41,0,0,0,,
920163,1453,0,0,0,,
920166,105,0,0,0,,
920167,1453,1,0,0,2022-06-27,
920168,101,0,0,0,,
920169,1036,1,0,0,2024-01-02,
920171,1134,0,0,0,,
920174,1181,3,0,0,2021-09-17,
920175,743,0,0,0,,
920177,67,0,0,0,,
920178,49,0,0,0,,
920179,1059,0,0,0,,
920180,107,0,0,0,,
920181,71,0,0,0,,
920183,97,0,0,0,,
920184,1453,1,0,0,2023-11-22,
920185,1453,2,0,0,2024-10-08,
920186,58,0,0,0,,
920187,96,0,0,0,,
920188,79,0,0,0,,
920189,12,0,0,0,,
920190,866,0,0,0,,
920191,65,0,0,0,,
920193,16,0,0,0,,
920195,861,3,0,0,2024-11-06,
920198,1448,0,0,0,,
920199,882,0,0,0,,
920200,55,0,0,0,,
920204,1092,3,0,0,2023-11-27,
920206,33,0,0,0,,
920207,926,1,0,0,2023-11-27,
920208,744,0,0,0,,
920211,34,0,0,0,,
920212,1243,0,0,0,,
920218,39,0,0,0,,
920220,44,0,0,0,,
920221,757,4,0,0,2025-03-17,
920222,18,0,0,0,,
920223,1001,0,0,0,,
920225,1312,1,0,0,2024-10-08,
920227,863,4,0,0,2024-11-15,
920230,876,3,0,0,2024-10-22,
920237,886,0,0,0,,
920239,1311,2,0,0,2024-10-08,
920242,1453,1,0,0,2024-11-06,
920245,1100,0,0,0,,
920247,866,7,0,0,2024-10-08,
920249,832,0,0,0,,
920252,848,3,0,0,2023-12-06,
920260,1137,1,0,0,2024-10-16,
920261,801,0,0,0,,
920262,861,4,0,0,2024-11-22,
920263,1443,1,0,0,2022-01-05,
920266,1453,0,0,0,,
920267,1009,0,0,0,,
920270,940,3,0,0,2025-03-10,
920271,1005,6,0,0,2024-12-05,
920273,830,3,0,0,2025-04-15,
920274,708,1,0,0,2023-12-05,
920275,1330,0,0,0,,
920278,1453,5,0,0,2024-11-12,
920284,627,0,0,0,,
920299,1000,4,0,0,2025-02-12,
920300,878,0,0,0,,
920304,791,1,0,0,2024-11-20,
920305,1130,1,1,0,2026-07-09,
920339,892,0,0,0,,
920344,1341,0,0,0,,
920346,1071,5,0,0,2024-11-06,
920351,862,2,0,0,2024-02-27,
920357,891,4,0,0,2024-04-17,
920363,620,1,0,0,2024-03-06,
920367,838,3,0,0,2024-08-08,
920368,1453,0,0,0,,
920370,1453,0,0,0,,
920371,849,5,0,0,2025-04-07,
920374,884,1,0,0,2024-08-20,
920375,630,0,0,0,,
920378,994,2,0,0,2024-12-02,
920392,861,2,0,0,2023-11-27,
920394,786,1,0,0,2024-10-21,
920395,941,3,0,0,2025-02-11,
920396,1377,3,0,0,2025-03-25,
920402,923,0,0,0,,
920403,606,1,0,0,2024-11-06,
920405,1143,2,0,0,2024-10-21,
920407,833,4,0,0,2023-12-05,
920414,875,0,0,0,,
920415,1438,1,0,0,2024-03-28,
920418,1453,1,0,0,2023-06-21,
920419,1059,0,0,0,,
920422,824,4,0,0,2025-04-08,
920425,846,3,0,0,2025-03-05,
920427,1321,0,0,0,,
920429,872,1,0,0,2024-11-29,
920433,1453,2,0,0,2024-02-06,
920436,1137,0,0,0,,
920438,565,0,0,0,,
920445,1453,3,0,0,2024-10-29,
920454,1137,6,0,0,2024-10-22,
920455,748,2,0,0,2024-11-05,
920469,687,2,0,0,2023-11-27,
920471,767,0,0,0,,
920475,1453,2,0,0,2024-03-15,
920476,916,0,0,0,,
920478,828,3,0,0,2024-02-06,
920489,1453,1,0,0,2024-10-08,
920491,998,1,0,0,2024-10-21,
920493,661,0,0,0,,
920496,600,0,0,0,,
920504,709,2,0,0,2023-11-27,
920505,868,3,0,0,2024-06-21,
920508,1453,4,0,0,2024-04-09,
920509,1340,5,0,0,2024-10-24,
920510,1349,0,0,0,,
920519,688,0,0,0,,
920522,650,0,0,0,,
920523,1246,2,0,0,2024-10-08,
920526,864,8,0,0,2024-05-23,
920527,907,1,0,0,2024-11-27,
920533,1012,5,0,0,2024-11-04,
920541,817,4,0,0,2024-10-28,
920547,632,1,0,0,2025-03-14,
920553,1201,2,0,0,2024-07-18,
920556,812,1,0,0,2025-02-12,
920564,995,1,0,0,2023-12-07,
920566,1196,0,0,0,,
920570,645,2,0,0,2024-02-26,
920571,872,1,0,0,2023-12-18,
920575,813,0,0,0,,
920576,735,0,0,0,,
920578,776,0,0,0,,
920579,640,0,0,0,,
920580,1019,2,0,0,2024-02-07,
920592,737,1,0,0,2023-11-14,
920593,794,1,0,0,2023-05-18,
920599,1315,0,0,0,,
920608,871,3,0,0,2025-04-08,
920627,694,2,0,0,2024-01-05,
920634,887,2,0,0,2024-01-02,
920639,978,0,0,0,,
920640,1453,0,0,0,,
920641,876,5,0,0,2024-10-18,
920642,1195,0,0,0,,
920651,746,1,0,0,2024-11-22,
920656,595,1,0,0,2024-10-08,
920662,885,3,0,0,2024-10-21,
920663,814,5,0,0,2025-02-25,
920665,681,2,0,0,2024-02-06,
920670,1363,0,0,0,,
920675,1339,0,0,0,,
920679,654,0,0,0,,
920682,1453,0,0,0,,
920685,914,1,0,0,2025-04-09,
920689,1053,2,0,0,2025-03-14,
920690,615,1,0,0,2024-02-27,
920693,664,0,0,0,,
920694,787,2,0,0,2024-10-29,
920699,779,7,0,0,2025-01-14,
920701,730,2,0,0,2025-12-01,
920703,637,0,0,0,,
920706,576,2,0,0,2025-04-09,
920717,742,1,0,0,2023-11-24,
920718,867,1,0,0,2023-11-24,
920719,766,0,0,0,,
920720,1130,3,0,0,2024-11-06,
920725,974,0,0,0,,
920726,1251,3,0,0,2024-11-05,
920729,1453,1,0,0,2025-04-03,
920735,1316,0,0,0,,
920748,710,1,0,0,2023-09-13,
920751,732,1,0,0,2024-02-29,
920753,898,7,0,0,2024-07-17,
920765,1225,7,0,0,2025-04-10,
920768,1230,1,0,0,2021-09-03,
920770,825,3,0,0,2024-10-25,
920779,762,3,0,0,2025-03-03,
920781,865,0,0,0,,
920786,674,1,0,0,2023-12-05,
920790,940,8,0,0,2024-10-31,
920792,803,2,0,0,2024-10-21,
920799,1453,2,0,0,2024-10-08,
920802,841,6,0,0,2024-10-28,
920806,611,1,0,0,2024-10-08,
920807,869,2,0,0,2024-11-01,
920808,881,0,0,0,,
920809,808,0,0,0,,
920810,871,0,0,0,,
920819,1453,0,0,0,,
920821,982,2,0,0,2023-12-08,
920826,1339,5,0,0,2023-12-05,
920832,1314,0,0,0,,
920833,656,2,0,0,2025-03-13,
920834,949,5,0,0,2025-03-27,
920837,775,5,0,0,2025-03-12,
920839,1384,1,0,0,2020-12-01,
920855,862,3,0,0,2025-04-08,
920856,1340,4,0,0,2025-03-03,
920857,1068,1,0,0,2023-12-27,
920866,876,1,0,0,2025-04-08,
920870,983,3,0,0,2024-06-25,
920871,970,3,0,0,2025-02-07,
920873,1137,0,0,0,,
920876,898,0,0,0,,
920879,869,0,0,0,,
920885,1222,2,0,0,2023-11-22,
920892,1149,5,0,0,2025-07-10,
920895,799,3,0,0,2023-12-20,
920896,790,6,0,0,2024-11-29,
920906,829,0,0,0,,
920914,896,0,0,0,,
920924,1145,1,0,0,2023-11-22,
920925,1152,0,0,0,,
920926,716,7,0,0,2025-01-14,
920931,557,0,0,0,,
920932,1137,0,0,0,,
920942,877,0,0,0,,
920943,990,4,0,0,2024-12-03,
920946,1453,4,0,0,2022-02-14,
920950,854,3,0,0,2025-07-22,
920953,705,2,0,0,2024-10-08,
920957,873,0,0,0,,
920961,1448,0,0,0,,
920964,1449,0,0,0,,
920970,1016,0,0,0,,
920971,924,3,0,0,2024-10-17,
920974,819,0,0,0,,
920976,698,4,0,0,2025-01-24,
920978,679,1,0,0,2023-11-27,
920981,1137,0,0,0,,
920982,729,0,0,0,,
920985,959,1,0,0,2022-08-09,
920992,914,1,0,0,2023-12-05,
